wikipedia_url,wp_page_title,wp_birth_date,wp_birth_year,wp_birth_name,wp_stage_name,wp_birth_place_raw,wp_aliases,wp_genres_raw,wp_categories
https://en.wikipedia.org/wiki/James_and_the_Shame,James and the Shame,1977-10-11,1977.0,Rhett James McLaughlin,James and the Shame,"Macon, Georgia , United States",,Country,2022 debut albums|American country musicians
https://en.wikipedia.org/wiki/Van_Zant,Van Zant,,,,,,,,Disambiguation pages|Disambiguation pages with surname-holder lists|Place name disambiguation pages
https://en.wikipedia.org/wiki/Luke_O%27Shea,Luke O'Shea,1969-02-28,1969.0,,,"28 February 1969 New South Wales, Australia .",,country|folk,Australian country singers|21st-century Australian singers|21st-century Australian male singers|Living people|1969 births
https://en.wikipedia.org/wiki/Robyn_Ottolini,Robyn Ottolini,1995-07-31,1995.0,,,,,Country,"Living people|Canadian women country singers|Canadian country singer-songwriters|Canadian women singer-songwriters|Musicians from the Regional Municipality of Durham|Singers from Ontario|People from Uxbridge, Ontario|21st-century Canadian women singers|Warner Records artists|1995 births|21st-century Canadian singer-songwriters"
https://en.wikipedia.org/wiki/Jade_Eagleson,Jade Eagleson,1994-05-23,1994.0,,,,,Country|neotraditional country,Living people|Canadian country singer-songwriters|Singers from Ontario|21st-century Canadian male singers|People from Peterborough County|Universal Music Group artists|Canadian Country Music Association Album of the Year winners|Canadian Country Music Association Rising Star Award winners|Canadian Country Music Association Male Artist of the Year winners|Canadian male singer-songwriters|1994 births|21st-century Canadian singer-songwriters
https://en.wikipedia.org/wiki/Donny_and_Marie_Osmond_discography,Donny and Marie Osmond discography,,,,,,,,Discographies of American artists|Osmond family (show business)
https://en.wikipedia.org/wiki/Callista_Clark,Callista Clark,2003-09-29,2003.0,Callista Renee Clark,Callista Clark,,,,"Big Machine Records artists|American women country singers|Country musicians from Georgia (U.S. state)|People from Zebulon, Georgia|2003 births|Living people|21st-century American women"
https://en.wikipedia.org/wiki/Matt_Lang,Matt Lang,,,,,Mathieu Langevin,,Country|neotraditional country,Living people|Canadian country singer-songwriters|Canadian male singer-songwriters|Singers from Quebec|People from Maniwaki|Participants in Canadian reality television series|21st-century Canadian male singers|21st-century Canadian singer-songwriters
https://en.wikipedia.org/wiki/Steel_Magnolia,Steel Magnolia,,,,,,,Country,Country music groups from Tennessee|Big Machine Records artists|American country music duos|Musical groups disestablished in 2013|Musical groups established in 2009
https://en.wikipedia.org/wiki/Shania_Twain,Shania Twain,1965-08-28,1965.0,Eilleen Regina Edwards,Shania Twain,"Windsor, Ontario , Canada",,Country|country pop|country rock,"Shania Twain|1965 births|Living people|20th-century Canadian singer-songwriters|20th-century Canadian women singers|21st-century Canadian actresses|21st-century Canadian singer-songwriters|21st-century Canadian women singers|Actresses from Windsor, Ontario|APRA Award winners|Canadian adoptees|Canadian contraltos|Canadian Country Music Association Fans' Choice Award winners|Canadian Country Music Association Female Artist of the Year winners|Canadian Country Music Association Single of the Year winners|Canadian Country Music Association Song of the Year winners|Canadian Country Music Association Top Selling Canadian Album winners|Canadian country singer-songwriters|Canadian expatriates in New Zealand|Canadian expatriates in Switzerland|Canadian film actresses|Canadian Music Hall of Fame inductees|Canadian people of English descent|Canadian people of French descent|Canadian people of Irish descent|Canadian television actresses|Canadian voice actresses|Canadian women country singers|Canadian women pop singers|Contemporary Sant Mat|Country pop musicians|Echo (music award) winners|American Music Awards winners|Grammy Award winners|Juno Award for Artist of the Year winners|Juno Award for Country Album of the Year winners|Juno Award for Songwriter of the Year winners|Juno Fan Choice Award winners|Juno International Achievement Award winners|Mercury Records artists|MTV Europe Music Award winners|Musicians from Timmins|Singers from Ontario|Musicians from Windsor, Ontario|Officers of the Order of Canada|Temagami First Nation people|Canadian women autobiographers|World Music Awards winners|Judges in Canadian reality television series"
https://en.wikipedia.org/wiki/Great_Plains,Great Plains,,,,,,,,"Great Plains|Ecoregions of the United States|Physiographic provinces|Plains of Canada|Plains of the United States|Regions of Canada|Regions of the United States|Central United States|Regions of the Western United States|Temperate grasslands, savannas, and shrublands in the United States"
https://en.wikipedia.org/wiki/Jonathan_Jackson,Jonathan Jackson,,,,,,,,Human name disambiguation pages
https://en.wikipedia.org/wiki/Raquel_Cole,Raquel Cole,1993-03-22,1993.0,Raquel Warchol,Raquel Cole,,,Country|country pop,"Living people|Canadian country singer-songwriters|Canadian women singer-songwriters|Singers from British Columbia|People from Vernon, British Columbia|21st-century Canadian women singers|1993 births|21st-century Canadian singer-songwriters"
https://en.wikipedia.org/wiki/Griffen_Palmer,Griffen Palmer,1995-09-25,1995.0,,,,,Country|country pop,"Living people|Canadian country singer-songwriters|Canadian male singer-songwriters|Big Loud artists|Bowling Green State University alumni|People from Pickering, Ontario|Singers from Ontario|21st-century Canadian male singers|1995 births|21st-century Canadian singer-songwriters"
https://en.wikipedia.org/wiki/Zach_McPhee,Zach McPhee,1993-03-05,1993.0,,,"Vernon, British Columbia , Canada",,Country,"1993 births|Living people|21st-century Canadian male singers|21st-century Canadian singer-songwriters|21st-century Canadian sportsmen|Canadian country singer-songwriters|Canadian ice hockey centres|Canadian male singer-songwriters|Everett Silvertips players|Kootenay Ice players|Musicians from British Columbia|People from Vernon, British Columbia|Regina Cougars ice hockey players|Singers from British Columbia|Tri-City Americans players"
https://en.wikipedia.org/wiki/Mitch_Zorn,Mitch Zorn,,1994.0,,,"1994 or 1995 Nakusp, British Columbia , Canada",,Country,Living people|21st-century Canadian male singers|21st-century Canadian singer-songwriters|Canadian country singer-songwriters|Canadian male singer-songwriters|Musicians from British Columbia|Singers from British Columbia
https://en.wikipedia.org/wiki/Zac_Brown_Band,Zac Brown Band,,,,,,,Country|||country rock|country pop|| Southern rock |,Zac Brown Band|Country music groups from Georgia (U.S. state)|American rock music groups|American reggae musical groups|Atlantic Records artists|Bigger Picture Music Group artists|Grammy Award winners|Musical groups from Atlanta|Musical groups established in 2000
https://en.wikipedia.org/wiki/Rio_Grande,Rio Grande,,,,,,,,"Rio Grande|International rivers of North America|Rivers of Colorado|Rivers of New Mexico|Rivers of Texas|American Heritage Rivers|Border rivers|Drainage basins of the Gulf of Mexico|Rivers of Chihuahua (state)|Rivers of Coahuila|Rivers of Tamaulipas|Geography of Laredo, Texas|Mexican Plateau|Mexico–United States border|Borders of New Mexico|Borders of Texas|Southwestern United States|Rivers of Mexico|Rivers of Bernalillo County, New Mexico|Rivers of Conejos County, Colorado|Bodies of water of El Paso County, Texas|Bodies of water of Hidalgo County, Texas|Bodies of water of Presidio County, Texas|Bodies of water of Hudspeth County, Texas|Bodies of water of Jeff Davis County, Texas|Bodies of water of Brewster County, Texas|Bodies of water of Terrell County, Texas|Rivers of Val Verde County, Texas|Rivers of Kinney County, Texas|Bodies of water of Maverick County, Texas|Bodies of water of Webb County, Texas|Bodies of water of Zapata County, Texas|Bodies of water of Starr County, Texas|Bodies of water of Cameron County, Texas|Rivers of Doña Ana County, New Mexico|Rivers of Sierra County, New Mexico|Rivers of Rio Arriba County, New Mexico|Rivers of Sandoval County, New Mexico|Rivers of Santa Fe County, New Mexico|Rivers of Valencia County, New Mexico|Wild and Scenic Rivers of the United States"
https://en.wikipedia.org/wiki/The_Osmonds,The Osmonds,,,,,,The Osmond Brothers,Bubblegum|| pop rock|| country|| hard rock |,Osmond family (show business)|American boy bands|American country music groups|American Latter Day Saints|American pop rock music groups|Asylum Records artists|Bubblegum pop groups|Child musical groups|Elektra Records artists|Families from Utah|Mercury Records artists|MGM Records artists|Latter Day Saint families|Musical groups established in 1958|Musical groups from Utah|Polydor Records artists|Sibling musical groups|Warner Records artists|Family musical groups|1958 establishments in Utah|American families of Welsh ancestry|Rock music groups from Utah|Teen pop groups|Culture of Utah
https://en.wikipedia.org/wiki/Ian_%26_Sylvia,Ian & Sylvia,,,,,,,Folk|| country|| country rock,Musical groups established in 1959|Musical groups disestablished in 1975|Canadian folk music groups|Canadian Music Hall of Fame inductees|Vanguard Records artists|Canadian musical duos|Male–female musical duos|Musical married couples|Musical groups from Toronto|1959 establishments in Ontario|1975 disestablishments in Ontario
https://en.wikipedia.org/wiki/The_Infamous_Stringdusters,The Infamous Stringdusters,,,,,,,Progressive bluegrass|folk|country|jam band,American bluegrass music groups|Musical groups established in 2007|2007 establishments in the United States|Progressive bluegrass music groups
https://en.wikipedia.org/wiki/John_Richards,John Richards,,,,,,,,Human name disambiguation pages
https://en.wikipedia.org/wiki/American_Young,American Young,,,,,,,Country,"Country music groups from Tennessee|American country music duos|Curb Records artists|Musical groups established in 2013|Musical groups from Nashville, Tennessee|2013 establishments in Tennessee|Musical duos from Tennessee|Male–female musical duos"
https://en.wikipedia.org/wiki/Matt_Lange,Matt Lange,,,,,"Manhattan, New York, United States",Altered Tensions,Progressive house|| deep house|| techno|| industrial rock |,20th-century American musicians|21st-century American musicians|Musicians from New York City|DJs from Los Angeles|American DJs|Living people|Mau5trap artists|American progressive house musicians|American remixers|Techno musicians|Monstercat artists
https://en.wikipedia.org/wiki/John_McNicholl,John McNicholl,,,,,"Foreglen , Derry, Northern Ireland",,Country,Living people|Irish country singers|Irish male singers|Musicians from Derry (city)
https://en.wikipedia.org/wiki/McGuffey_Lane,McGuffey Lane,,,,,,,Country rock,"Musical groups from Columbus, Ohio|Atlantic Records artists|Musical groups from Ohio|Musical groups from Athens, Ohio"
https://en.wikipedia.org/wiki/Alabama,Alabama,,,,,,,,Alabama|1819 establishments in the United States|Southern United States|States and territories established in 1819|States of the Confederate States of America|States of the Gulf Coast of the United States|States of the United States|Contiguous United States
https://en.wikipedia.org/wiki/Harrdy_Sandhu,Harrdy Sandhu,1986-09-06,1986.0,Hardavinder Singh Sandhu,Harrdy Sandhu,"6 September 1986 Patiala , Punjab , India",,Filmi|Film score|Soundtrack|Jazz|Pop|Indian classical|EDM,Punjabi-language singers|Punjabi music|Bhangra (music) musicians|Male actors in Punjabi cinema|Indian male singers|1986 births|Living people|Sportspeople from Patiala
https://en.wikipedia.org/wiki/Jordan_McIntosh,Jordan McIntosh,1995-12-20,1995.0,Jordan James McIntosh,Jordan McIntosh,"Ottawa , Ontario, Canada",,Country,1995 births|Canadian country singer-songwriters|Canadian male singer-songwriters|Living people|Singers from Ottawa|21st-century Canadian male singers|21st-century Canadian singer-songwriters
https://en.wikipedia.org/wiki/Spirit_Family_Reunion,Spirit Family Reunion,,,,,,,Folk|| bluegrass|| country,Musical groups from Brooklyn
https://en.wikipedia.org/wiki/Lonestar,Lonestar,,,,,,Texassee,Country|country pop,"Country music groups from Tennessee|Country music groups from Texas|Country pop groups|BNA Records artists|Musical groups established in 1992|Musical groups from Nashville, Tennessee|American musical quartets"
https://en.wikipedia.org/wiki/River_Road,River Road,,,,,,,,Disambiguation pages|Road disambiguation pages
https://en.wikipedia.org/wiki/Paul_Brandt,Paul Brandt,1972-07-21,1972.0,Paul Rennée Belobersycky,Paul Brandt,"Calgary , Alberta, Canada",,Country,"1972 births|Canadian country singer-songwriters|Canadian male singer-songwriters|Canadian people of Ukrainian descent|Juno Award for Artist of the Year winners|Living people|Musicians from Calgary|People from Airdrie, Alberta|Canadian Country Music Association Male Artist of the Year winners|Canadian Country Music Association Song of the Year winners|Juno Award for Country Album of the Year winners|Canadian Country Music Association Single of the Year winners|21st-century Canadian male singers|Canadian Country Music Association Album of the Year winners|21st-century Canadian singer-songwriters|Singers from Alberta"
https://en.wikipedia.org/wiki/Dan_%2B_Shay,Dan + Shay,,,,,,,Country|country pop,"2012 establishments in Tennessee|American male musical duos|Country music duos|Country music groups from Tennessee|Country pop duos|Grammy Award winners|Judges in American reality television series|Musical groups established in 2012|Musical duos from Tennessee|Musical groups from Nashville, Tennessee|Warner Records artists"
https://en.wikipedia.org/wiki/Lavender_Country,Lavender Country,,,,,,,Country|| Americana,1976 disestablishments in Washington (state)|2014 establishments in Washington (state)|American country music groups|Musical groups from Seattle|LGBTQ-themed musical groups|Musical groups established in 1972|Musical groups disestablished in 1976|1972 establishments in Washington (state)|Musical groups reestablished in 2014|Don Giovanni Records artists|2022 disestablishments in Washington (state)
https://en.wikipedia.org/wiki/K.d._lang,K.d. lang,1961-11-02,1961.0,Kathryn Dawn Lang,k.d. lang,"Edmonton , Alberta , Canada",,Country|pop|folk,"1961 births|20th-century Canadian guitarists|20th-century Canadian LGBTQ people|20th-century Canadian singer-songwriters|20th-century Canadian women singers|21st-century Canadian guitarists|21st-century Canadian LGBTQ people|21st-century Canadian singer-songwriters|21st-century Canadian women singers|Actresses from Edmonton|Actresses from Portland, Oregon|Ballad musicians|Brit Award winners|Canadian Buddhists|Canadian country guitarists|Canadian Country Music Association Album of the Year winners|Canadian Country Music Association Entertainer(s) of the Year winners|Canadian Country Music Association Fans' Choice Award winners|Canadian Country Music Association Female Artist of the Year winners|Canadian Country Music Association Rising Star Award winners|Canadian country singer-songwriters|Canadian film actresses|Canadian lesbian actresses|Canadian lesbian musicians|Canadian LGBTQ rights activists|Canadian LGBTQ singer-songwriters|Canadian mezzo-sopranos|Canadian Music Hall of Fame inductees|Canadian people of English descent|Canadian people of German descent|Canadian people of Icelandic descent|Canadian people of Russian-Jewish descent|Canadian people of Scottish descent|Canadian people of Irish descent|Canadian women country singers|Canadian women guitarists|Canadian women pop singers|Converts to Buddhism|GLAAD Vito Russo Award|Governor General's Award winners|Grammy Award winners|Guitarists from Oregon|Inductees of the Q Hall of Fame|Jack Richardson Producer of the Year Award winners|Juno Award for Album of the Year winners|Juno Award for Artist of the Year winners|Juno Award for Breakthrough Artist of the Year winners|Juno Award for Songwriter of the Year winners|Lesbian singers|Lesbian songwriters|Lesbian Buddhists|Writers from Edmonton|Living people|Members of the Alberta Order of Excellence|Musicians from Edmonton|Musicians from Portland, Oregon|Nonesuch Records artists|Officers of the Order of Canada|People from Special Areas, Alberta|Sire Records artists|Torch singers|Warner Records artists|Singers from Alberta|Canadian women civil rights activists|Writers from Portland, Oregon|GLAAD Media Award for Outstanding Music Artist"
https://en.wikipedia.org/wiki/Eagle,Eagle,,,,,,,,Eagles|Accipitridae|Apex predators|Bird common names|National symbols of Armenia|National symbols of Austria|National symbols of the Czech Republic|National symbols of Germany|National symbols of Ghana|National symbols of Liechtenstein|National symbols of Mexico|National symbols of Nigeria|National symbols of Poland|National symbols of Romania|National symbols of Serbia|National symbols of Spain|National symbols of Syria|National symbols of Yemen
https://en.wikipedia.org/wiki/The_Amazing_Rhythm_Aces,The Amazing Rhythm Aces,,,,,,,Country rock|soft rock|southern rock,"ABC Records artists|American country rock groups|Musical groups from Memphis, Tennessee|Grammy Award winners"
https://en.wikipedia.org/wiki/Due_West,Due West,,,,,,,,Disambiguation pages
https://en.wikipedia.org/wiki/Cold_Creek_County,Cold Creek County,,,,,,,Country rock,Canadian country rock groups|Musical groups established in 2013|2013 establishments in Ontario
https://en.wikipedia.org/wiki/Don_Amero,Don Amero,1980-09-11,1980.0,,,"Winnipeg , Manitoba , Canada",,country|| folk,Canadian country singer-songwriters|Canadian folk singer-songwriters|Canadian male singer-songwriters|Musicians from Winnipeg|Métis musicians|Living people|Canadian Folk Music Award winners|1980 births|Singers from Manitoba
https://en.wikipedia.org/wiki/Trixie_Mattel,Trixie Mattel,1989-08-23,1989.0,Brian Michael Firkus,Trixie Mattel,"Milwaukee, Wisconsin , United States",,Comedy|beauty|music|toys,"1989 births|21st-century American LGBTQ people|American atheists|American autoharp players|American businesspeople in the cosmetics industry|American country musicians|American drag queens|American folk musicians|American gay comedians|American male comedians|American gay musicians|American guitarists|American LGBTQ singers|American make-up artists|American music YouTubers|American people of Ojibwe descent|American stand-up comedians|American Twitch (service) streamers|Americana musicians|ATO Records artists|Beauty and makeup YouTubers|Comedians from Milwaukee|Drag performers from Los Angeles|Drag performers from Wisconsin|Folktronica musicians|Indigenous drag performers of the Americas|LGBTQ people from Wisconsin|LGBTQ streamers|LGBTQ YouTubers|Living people|Musicians from Milwaukee|People from Crivitz, Wisconsin|RuPaul's Drag Race All Stars winners|RuPaul's Drag Race contestants|Singers from Wisconsin|Streamy Award winners|Toy collectors|University of Wisconsin alumni|YouTubers from Milwaukee|Trixie and Katya|Mass media people from Milwaukee|Native American people from Wisconsin|Trixie Mattel|People from Marinette County, Wisconsin|American comedy podcasters|Ojibwe artists"
https://en.wikipedia.org/wiki/River_Town_Saints,River Town Saints,,,,,,,Country,Canadian country music groups|Canadian musical quintets|Musical groups established in 2013|Musical groups from Ottawa|Open Road Recordings artists|2013 establishments in Ontario
https://en.wikipedia.org/wiki/Jimmie_Van_Zant,Jimmie Van Zant,,,,,,,,"1956 births|2016 deaths|Deaths from liver cancer in Florida|Singers from Jacksonville, Florida|American rock musician stubs"
https://en.wikipedia.org/wiki/Sam_Palladio,Sam Palladio,1986-11-21,1986.0,,,"21 November 1986 Pembury , Kent , England",,,1986 births|21st-century English male actors|Alumni of Rose Bruford College|English expatriate male actors in the United States|English male film actors|English male television actors|Living people|People from Penzance|People from Pembury|Male actors from Kent|Musicians from Kent|Male actors from Cornwall|Actors from the Borough of Tunbridge Wells
https://en.wikipedia.org/wiki/The_Downtown_Fiction,The Downtown Fiction,,,,,,,Alternative rock|pop-punk|power pop|pop rock|emo pop,"American pop rock music groups|American pop punk groups|Photo Finish Records artists|Musical groups established in 2008|Musical groups from Virginia|People from Fairfax, Virginia|Musicians from Fairfax County, Virginia|Fearless Records artists"
https://en.wikipedia.org/wiki/Arum_Rae,Arum Rae,,,,,"Arum Rae Valkonen August 25 Colorado Springs, Colorado , United States",White Dress |,Americana|| country blues |,"Living people|Americana musicians|American blues singer-songwriters|American women singer-songwriters|Berklee College of Music alumni|Country blues musicians|Musicians from Colorado Springs, Colorado|21st-century American women singers|21st-century American singers|Singer-songwriters from Colorado"
https://en.wikipedia.org/wiki/Christian_L%C3%B3pez,Christian López,,,,,,,,Human name disambiguation pages
https://en.wikipedia.org/wiki/Connor_Smith,Connor Smith,,,,,,,,Human name disambiguation pages
https://en.wikipedia.org/wiki/Adam_Brand,Adam Brand,,,,,,,,Human name disambiguation pages
https://en.wikipedia.org/wiki/Evan_Bartels,Evan Bartels,,,,,Evan George Bartels,,Americana|| Rock and Roll|| country,Living people|Americana musicians|American male singer-songwriters|American country guitarists|American country songwriters|American male guitarists
https://en.wikipedia.org/wiki/Laurel_and_Hardy,Laurel and Hardy,,,,,,,Slapstick|comedy,Laurel and Hardy|American comedy duos|Comedy duos|Film duos|Silent film comedians|American male comedians|English male comedians|American male film actors|English male film actors|American male silent film actors|English male silent film actors|20th Century Studios contract players|Hal Roach Studios short film series|Metro-Goldwyn-Mayer contract players|20th-century American male actors|20th-century English male actors
https://en.wikipedia.org/wiki/Larry_the_Cable_Guy,Larry the Cable Guy,1963-02-17,1963.0,Daniel Lawrence Whitney,Larry the Cable Guy,"Pawnee City, Nebraska , United States",,Country comedy|| character comedy|| blue comedy|| insult comedy|| observational comedy|| political satire|| musical comedy,"1963 births|20th-century American comedians|21st-century American comedians|American male film actors|American male video game actors|American male voice actors|American stand-up comedians|Comedians from Nebraska|Living people|Male actors from Lincoln, Nebraska|People from Pawnee City, Nebraska|University of Nebraska–Lincoln alumni|Warner Records artists|Christians from Nebraska|American male comedians"
https://en.wikipedia.org/wiki/Adam_Gregory,Adam Gregory,,,,,,,,Human name disambiguation pages
https://en.wikipedia.org/wiki/Clare_Bowen,Clare Bowen,1984-05-12,1984.0,Clare Maree Bowen,Clare Bowen,"12 May 1984 Minnamurra, New South Wales , Australia",,,1984 births|21st-century Australian actresses|21st-century Australian singers|Australian actors with disabilities|Australian expatriate actresses in the United States|Australian film actresses|Australian stage actresses|Australian television actresses|Australian women country singers|Autistic actors|Autistic musicians|Australian autistic people|Living people|People with attention deficit hyperactivity disorder|Singers with disabilities|University of Wollongong alumni
https://en.wikipedia.org/wiki/Lucille_Starr,Lucille Starr,1938-05-13,1938.0,Lucille Marie Raymonde Savoie,Lucille Starr,"Saint Boniface , Manitoba, Canada",,Country,"1938 births|2020 deaths|Canadian women country singers|Canadian country singer-songwriters|Franco-Manitoban people|Musicians from Winnipeg|People from Coquitlam|People from St. Boniface, Winnipeg|French-language Canadian singers|A&M Records artists|Epic Records artists|Canadian expatriate musicians in the United States|Canadian rockabilly musicians|Singers from Manitoba"
https://en.wikipedia.org/wiki/Osborne_Brothers,Osborne Brothers,,,,,,,Bluegrass,"Bluegrass musicians from Kentucky|American country music duos|Grand Ole Opry members|Country music groups from Kentucky|RCA Victor artists|Musical groups established in 1953|Musical groups disestablished in 2005|Musical groups from Appalachia|People from Leslie County, Kentucky|1953 establishments in Kentucky|2005 disestablishments in Kentucky|CMH Records artists"
https://en.wikipedia.org/wiki/The_Road_Hammers,The Road Hammers,,,,,,,Country rock,Canadian country music groups|Canadian country rock groups|Juno Award for Country Album of the Year winners|Open Road Recordings artists|Montage Music Group artists|Canadian Country Music Association Group or Duo of the Year winners
https://en.wikipedia.org/wiki/Trick_Pony,Trick Pony,,,,,,,Country,Country music groups from Tennessee|Curb Records artists|Female-fronted musical groups|Musical groups established in 1996|American musical trios|Warner Records artists|Vocal trios
https://en.wikipedia.org/wiki/Florida_Georgia_Line,Florida Georgia Line,,,,,,,Country|| country pop|| country rock |,"2010 establishments in Tennessee|Musical groups established in 2010|Country music groups from Tennessee|Musical duos from Tennessee|Country pop duos|Musical groups from Nashville, Tennessee|Republic Records artists|American male musical duos"
https://en.wikipedia.org/wiki/James_Maddock,James Maddock,,1962.0,,,"James Maddock 1962 Leicester , England",,Folk|Rock|| Americana,1962 births|Living people|English rock guitarists|English folk guitarists|English male singer-songwriters|English singer-songwriters|Musicians from Leicester|Musicians from New York City|Americana musicians
https://en.wikipedia.org/wiki/The_Steel_Woods,The Steel Woods,,,,,,,Country|southern rock|bluegrass|Americana,"American country rock groups|Musical groups established in 2016|2016 establishments in Tennessee|Musical groups from Nashville, Tennessee"
https://en.wikipedia.org/wiki/Terri_Clark,Terri Clark,1968-08-05,1968.0,Terri Lynn Sauson,Terri Clark,"Montreal , Quebec, Canada",,Country,"1968 births|Anglophone Quebec people|BNA Records artists|Canadian women country singers|Canadian women guitarists|Capitol Records artists|Grand Ole Opry members|Living people|Members of the Country Music Association|Mercury Records artists|Singers from Alberta|Singers from Montreal|Canadian Country Music Association Fans' Choice Award winners|Canadian Country Music Association Female Artist of the Year winners|Canadian Country Music Association Rising Star Award winners|Juno Award for Country Album of the Year winners|Juno Award for Breakthrough Artist of the Year winners|20th-century Canadian women singers|Canadian Country Music Association Single of the Year winners|21st-century Canadian women singers|Canadian Country Music Association Album of the Year winners|Members of the Order of Canada|Musicians from London, Ontario|Singers from Nashville, Tennessee|Canadian expatriate musicians in the United States|Guitarists from Montreal"
https://en.wikipedia.org/wiki/Roy_Acuff,Roy Acuff,1903-09-15,1903.0,Roy Claxton Acuff,Roy Acuff,"Maynardville, Tennessee , United States",King of Country Music |,Country|folk|gospel|southern gospel,"1903 births|1992 deaths|20th-century American businesspeople|20th-century American male singers|20th-century American singer-songwriters|American country fiddlers|20th-century American fiddlers|American country singer-songwriters|American Freemasons|American male singer-songwriters|American music industry executives|Blackface minstrel performers|Burials at Spring Hill Cemetery (Nashville, Tennessee)|Columbia Records artists|Country Music Hall of Fame inductees|Country musicians from Tennessee|Grammy Lifetime Achievement Award winners|Grand Ole Opry members|Hickory Records artists|Kennedy Center honorees|Members of the Country Music Association|Music of East Tennessee|Musicians from Appalachia|Okeh Records artists|People from Maynardville, Tennessee|Singer-songwriters from Tennessee|Tennessee Republicans|United States National Medal of Arts recipients|Vocalion Records artists"
https://en.wikipedia.org/wiki/4_Runner,4 Runner,,,,,,,Country,"1993 establishments in Tennessee|A&M Records artists|Country music groups from Tennessee|Musical groups from Nashville, Tennessee|Musical groups established in 1993|Musical groups reestablished in 2003|Musical groups disestablished in 2005|Musical groups reestablished in 2023|Polydor Records artists|Vocal quartets"
https://en.wikipedia.org/wiki/Amy_Grant,Amy Grant,1960-11-25,1960.0,Amy Lee Grant,Amy Grant,"Augusta, Georgia , United States",,Contemporary Christian|pop rock|soft rock|gospel,"1960 births|A&M Records artists|American child singers|American members of the Churches of Christ|American mezzo-sopranos|American performers of Christian music|American pop rock singers|American women pop singers|American soft rock musicians|Christian music songwriters|Christians from Tennessee|Furman University alumni|Grammy Award winners|Living people|Musicians from Augusta, Georgia|Myrrh Records artists|Musicians from Nashville, Tennessee|People with congenital heart defects|Performers of contemporary Christian music|Sparrow Records artists|Vanderbilt University alumni|Ward–Belmont College alumni|Word Records artists|Writers from Augusta, Georgia|20th-century American women singers|20th-century American singers|21st-century American women singers|21st-century American singers|Kennedy Center honorees"
https://en.wikipedia.org/wiki/Faith_Hill,Faith Hill,1967-09-21,1967.0,Audrey Faith Perry,Faith Hill,"Ridgeland, Mississippi , United States",,Country|pop,"Faith Hill|1967 births|20th-century American singers|20th-century American women singers|21st-century American singers|21st-century American women singers|American adoptees|American contraltos|American women country singers|Arista Nashville artists|Country musicians from Mississippi|Country pop musicians|Grammy Award winners|Hinds Community College alumni|Living people|Southern Baptists|Warner Records artists|People from Rankin County, Mississippi|Mississippi Democrats|Tennessee Democrats"
https://en.wikipedia.org/wiki/8_Ball_Aitken,8 Ball Aitken,1981-06-09,1981.0,Eightball Aitken,8 Ball Aitken,"9 June 1981 Brisbane, Queensland, Australia",,,1981 births|Living people|Australian blues singers|Australian country singers|21st-century Australian male singers|Musicians from Brisbane
https://en.wikipedia.org/wiki/Amber_Lawrence,Amber Lawrence,1978-04-19,1978.0,Amber Louise Lawrence,Amber Lawrence,"19 April 1978 Sydney, New South Wales, Australia",,Australian country|children's,1978 births|Living people|Australian country singers|Australian women country singers|Australian guitarists|Australian women guitarists|Musicians from New South Wales|21st-century Australian singers|21st-century Australian women singers
https://en.wikipedia.org/wiki/Anne_McCue,Anne McCue,,,,,,,,"Living people|Australian alternative country singers|Australian country singers|Australian women guitarists|Australian women country singers|Australian record producers|University of Technology Sydney alumni|Singers from Sydney|Australian women record producers|People from Campbelltown, New South Wales|Australian expatriates in the United States"
https://en.wikipedia.org/wiki/Gwen_Stefani,Gwen Stefani,1969-10-03,1969.0,Gwen Renée Stefani,Gwen Stefani,"Fullerton, California , United States",,Pop|| pop rock|| ska punk|| electro |,"Gwen Stefani|1969 births|Living people|20th-century American singer-songwriters|20th-century American women singers|20th-century Roman Catholics|21st-century American actresses|21st-century American singer-songwriters|21st-century American women singers|21st-century Roman Catholics|Actresses from Fullerton, California|American alternative rock singers|American dance-pop musicians|American expatriates in the United Kingdom|American fashion designers|American film actresses|American musicians with disabilities|American people of Italian descent|American people of Irish descent|American Roman Catholics|American ska singers|American television actresses|American video game actresses|American voice actresses|American women fashion designers|American women pop singers|American women rock singers|American women singer-songwriters|Brit Award winners|California State University, Fullerton people|Catholics from California|Fullerton College alumni|Grammy Award winners|Interscope Records artists|Judges in American reality television series|Musicians from Anaheim, California|Musicians from Fullerton, California|Musicians with dyslexia|No Doubt members|Record producers from California|Singers with disabilities|Singer-songwriters from California|World Music Awards winners"
https://en.wikipedia.org/wiki/Kelly_Clarkson,Kelly Clarkson,1982-04-24,1982.0,Kelly Brianne Clarkson,Kelly Clarkson,"Fort Worth, Texas , United States",,Pop|pop rock,"1982 births|19 Recordings artists|21st-century American women singers|21st-century American singer-songwriters|Actresses from Fort Worth, Texas|American Christians|American feminist musicians|American film actresses|American Idol winners|American people of Greek descent|American people of Irish descent|American pop rock singers|American soul singers|American sopranos|American television talk show hosts|American voice actresses|American women children's writers|American children's writers|American women pop singers|American women philanthropists|American women record producers|American women singer-songwriters|American women television hosts|American women television producers|Atlantic Records artists|Daytime Emmy Award for Outstanding Talk Show Host winners|Daytime Emmy Award winners|Grammy Award winners|Judges in American reality television series|Kelly Clarkson|Living people|MTV Video Music Award winners|My Band Y'All members|Participants in American reality television series|People from Burleson, Texas|Musicians from Fort Worth, Texas|RCA Records artists|Singer-songwriters from Texas|Singers with a three-octave vocal range|Songwriters from Texas|Television producers from Texas|Writers from Fort Worth, Texas"
https://en.wikipedia.org/wiki/Beccy_Cole,Beccy Cole,1972-10-27,1972.0,Rebecca Diane Thompson,Beccy Cole,"27 October 1972 Glenelg, South Australia , Australia",Beccy Sturtzel|Rebecca Diane Albeck,Country,1972 births|Living people|Australian country singer-songwriters|Australian women singer-songwriters|Australian lesbian musicians|Australian LGBTQ singers|Australian LGBTQ songwriters|Lesbian singers|Lesbian songwriters|Musicians from Adelaide|Songbirds (group) members|Dead Ringer Band members|21st-century Australian women singers|20th-century Australian LGBTQ people|21st-century Australian LGBTQ people|21st-century Australian singer-songwriters
https://en.wikipedia.org/wiki/Boy_Howdy,Boy Howdy,,,,,,,Country,Country music groups from California|Musical groups from Los Angeles|Musical groups established in 1990|Curb Records artists|Musical quartets from California|Musical groups disestablished in 1996
https://en.wikipedia.org/wiki/Catherine_Britt,Catherine Britt,1984-12-31,1984.0,Catherine Elisabeth Britt,Catherine Britt,"31 December 1984 Newcastle, New South Wales , Australia",,Country,"1984 births|Living people|Musicians from Newcastle, New South Wales|Australian country singer-songwriters|RCA Records Nashville artists|21st-century Australian women singers|Australian women singer-songwriters|21st-century Australian singer-songwriters"
https://en.wikipedia.org/wiki/The_Allman_Brothers_Band,The Allman Brothers Band,,,,,,,Southern rock|blues rock|jazz rock|| jam band |,"The Allman Brothers Band|1969 establishments in Georgia (U.S. state)|2014 disestablishments in Georgia (U.S. state)|Allman family|American blues musical groups|American blues rock musical groups|American country rock groups|American jazz-rock groups|American musical sextets|American musical septets|Arista Records artists|Atco Records artists|Capricorn Records artists|Epic Records artists|Grammy Lifetime Achievement Award winners|Jam bands|Musical groups disestablished in 2014|Musical groups established in 1969|Musical groups reestablished in 1989|PolyGram artists|Sanctuary Records artists|Sibling musical groups|Southern rock musical groups from Jacksonville, Florida"
https://en.wikipedia.org/wiki/Chuck_Wagon_&_the_Wheels,Chuck Wagon & the Wheels,,,,,,,Country rock,American country music groups|Lyric Street Records artists|American musical trios|Musical groups established in 2000|Musical groups disestablished in 2000|Bands with fictional stage personas|American country musical group stubs
https://en.wikipedia.org/wiki/Coldwater_Jane,Coldwater Jane,,,,,,,Country,Country music groups from Tennessee|American country music duos|Mercury Records artists|Sibling musical duos|Musical groups established in 2010|Musical groups disestablished in 2011|2010 establishments in Tennessee
https://en.wikipedia.org/wiki/Johnny_Van_Zant,Johnny Van Zant,1960-02-27,1960.0,John Roy Van Zant,Johnny Van Zant,"Jacksonville, Florida , United States",,Southern rock|| country,"1960 births|20th-century American singers|21st-century American singers|American male singers|American people of Dutch descent|American rock singers|Living people|Lynyrd Skynyrd members|Singers from Jacksonville, Florida|Van Zant (band) members|American blues rock musicians"
https://en.wikipedia.org/wiki/Catherine_McGrath,Catherine McGrath,1997-06-09,1997.0,Catherine McGrath,,"9 June 1997 Rostrevor , County Down , Northern Ireland",,Country pop,1997 births|Living people|21st-century women singers from Northern Ireland|British women songwriters|British country singers|British women country singers|Country pop musicians
https://en.wikipedia.org/wiki/Cristy_Lane,Cristy Lane,1940-01-08,1940.0,Eleanor Johnston,Cristy Lane,"Peoria, Illinois , United States",,Country|Christian,"1940 births|American women country singers|American women singers|American gospel singers|American performers of Christian music|Christians from Illinois|Country musicians from Illinois|Liberty Records artists|Living people|People from East Peoria, Illinois|Musicians from Peoria, Illinois|Performers of contemporary Christian music|Songwriters from Illinois|United Artists Records artists"
https://en.wikipedia.org/wiki/Dean_Brody,Dean Brody,1975-08-12,1975.0,,,"Smithers, British Columbia , Canada",,Country,"1975 births|Canadian country singer-songwriters|Canadian male singer-songwriters|Living people|BBR Music Group artists|Open Road Recordings artists|People from Smithers, British Columbia|Musicians from British Columbia|Canadian Country Music Association Male Artist of the Year winners|Canadian Country Music Association Songwriter(s) of the Year winners|Juno Award for Country Album of the Year winners|Canadian Country Music Association Single of the Year winners|21st-century Canadian male singers|Canadian Country Music Association Fans' Choice Award winners|Canadian Country Music Association Album of the Year winners|21st-century Canadian singer-songwriters"
https://en.wikipedia.org/wiki/Del_McCoury_Band,Del McCoury Band,,,,,,Del McCoury and the Dixie Pals (1967–1988),Bluegrass|Jam band,American bluegrass music groups|Jam bands|Grammy Award winners
https://en.wikipedia.org/wiki/Donny_Parenteau,Donny Parenteau,,,,,"Prince Albert, Saskatchewan",,Country|Western swing |,"Living people|Canadian country guitarists|Canadian male guitarists|Métis musicians|People from Prince Albert, Saskatchewan|306 Records artists|Canadian country fiddlers|Canadian male violinists and fiddlers|Canadian country singer-songwriters|Fransaskois people|Canadian mandolinists|Singers from Saskatchewan|20th-century Canadian male singers|20th-century Canadian violinists and fiddlers|21st-century Canadian violinists and fiddlers|20th-century Canadian guitarists|21st-century Canadian guitarists|Canadian male singer-songwriters|20th-century Canadian multi-instrumentalists|21st-century Canadian multi-instrumentalists|21st-century Canadian male singers|20th-century Canadian singer-songwriters|21st-century Canadian singer-songwriters"
https://en.wikipedia.org/wiki/Doyle_Lawson,Doyle Lawson,1944-04-20,1944.0,,,"Sullivan County, Tennessee , United States",,Bluegrass|| gospel,"1944 births|American bluegrass mandolinists|American male singers|The Country Gentlemen members|Living people|National Heritage Fellowship winners|People from Sullivan County, Tennessee|People from Hancock County, Tennessee|Singers from Tennessee|Southern gospel performers|Bluegrass Album Band members|New South (band) members"
https://en.wikipedia.org/wiki/Duane_Steele,Duane Steele,,,,,,,Country,Living people|Canadian country singer-songwriters|Canadian male singer-songwriters|1968 births
https://en.wikipedia.org/wiki/Diplo,Diplo,1978-11-10,1978.0,Thomas Wesley Pentz,Diplo,"Tupelo, Mississippi , United States",,EDM|trap|hip-hop|pop|moombahton,"Diplo|1978 births|21st-century American LGBTQ people|21st-century American male singers|21st-century American rappers|21st-century American singer-songwriters|American electronic dance music DJs|American expatriates in England|American hip-hop DJs|American hip-hop record producers|American LGBTQ musicians|American male singer-songwriters|American people of German descent|Atlantic Records artists|BBC Radio 1 presenters|BBC Radio 1Xtra presenters|Because Music artists|Columbia Records artists|Grammy Award winners for dance and electronic music|Living people|LSD (group) members|Mad Decent artists|Major Lazer members|MTV Video Music Award winners|People from Tupelo, Mississippi|Phoenix Rising FC chairmen and investors|Rappers from Miami|Rappers from Mississippi|Rappers from Philadelphia|Record producers from Florida|Record producers from Mississippi|Record producers from Pennsylvania|Silk City (duo) members|Singer-songwriters from Florida|Singer-songwriters from Mississippi|Singer-songwriters from Pennsylvania|Singers from Philadelphia|Southern hip-hop musicians|Temple University alumni|American trap musicians"
https://en.wikipedia.org/wiki/LATAM_Cargo_Colombia,LATAM Cargo Colombia,,,,,,,,Airlines of Colombia|Airlines established in 2009|LATAM Airlines Group|Colombian companies established in 2009|Companies that filed for Chapter 11 bankruptcy in 2020
https://en.wikipedia.org/wiki/Jamie_Lynn_Spears,Jamie Lynn Spears,1991-04-04,1991.0,,,"McComb, Mississippi , United States",,Country|pop|electropop,"1991 births|Living people|21st-century American actresses|21st-century American women singers|21st-century Roman Catholics|American people of Maltese descent|Actresses from Louisiana|Actresses from Mississippi|American child actresses|American child singers|American film actresses|American television actresses|American women country singers|Catholics from Louisiana|Converts to Roman Catholicism from Baptist denominations|Nickelodeon people|Parklane Academy alumni|People from McComb, Mississippi|People with obsessive–compulsive disorder|Singers from Louisiana|Singers from Mississippi|Spears family"
https://en.wikipedia.org/wiki/Gil_Grand,Gil Grand,1968-01-08,1968.0,Gilles Lagrandeur,Gil Grand,,,Country,1968 births|Canadian male singer-songwriters|Canadian country singer-songwriters|Franco-Ontarian people|Living people|Musicians from Greater Sudbury|Singers from Ontario
https://en.wikipedia.org/wiki/Goose_Creek_Symphony,Goose Creek Symphony,,,,,,,Progressive|| country|| acid rock|| folk|| surf|| rock,"Musical groups established in 1968|Musical groups from Phoenix, Arizona|American folk rock groups|Country music groups from Arizona|American country rock groups|Americana music groups"
https://en.wikipedia.org/wiki/Green_River_Ordinance,Green River Ordinance,,,,,,,Pop rock|| rock|| country|| folk|| americana,Rock music groups from Texas|Musical groups established in 2000
https://en.wikipedia.org/wiki/Slim_Dusty,Slim Dusty,1927-06-13,1927.0,David Gordon Kirkpatrick,Slim Dusty,"13 June 1927 Nulla Nulla Creek, New South Wales , Australia",,Country|bush ballad|Australiana,1927 births|2003 deaths|20th-century Australian guitarists|21st-century Australian guitarists|Australian acoustic guitarists|APRA Award winners|ARIA Award winners|ARIA Hall of Fame inductees|Australian country guitarists|Australian country singer-songwriters|Australian Members of the Order of the British Empire|Australian people of Irish descent|Deaths from kidney cancer in Australia|Deaths from lung cancer in New South Wales|Australian male guitarists|Officers of the Order of Australia|People from the Mid North Coast|Singers from New South Wales|Australian yodelers|20th-century Australian male singers|21st-century Australian male singers|Australian male singer-songwriters|Australian Christians|Burials at Northern Suburbs Memorial Gardens|20th-century Australian singer-songwriters|21st-century Australian singer-songwriters|Regal Zonophone Records artists
https://en.wikipedia.org/wiki/Jaida_Dreyer,Jaida Dreyer,,,,,"Thunder Bay, Ontario",,Country,Canadian women country singers|Canadian country singer-songwriters|Musicians from Thunder Bay|Singers from Ontario|Streamsound Records artists|Living people|21st-century Canadian women singers|21st-century Canadian singer-songwriters
https://en.wikipedia.org/wiki/Jamie_O'Neal,Jamie O'Neal,1968-06-03,1968.0,Jamie Murphy,Jamie O'Neal,3 June 1968,,Country,1968 births|Australian country singer-songwriters|Australian women singer-songwriters|Australian singer-songwriters|Australian expatriates in the United States|Living people|Musicians from Sydney|Mercury Records artists|Capitol Records artists
https://en.wikipedia.org/wiki/Jason_McCoy,Jason McCoy,1970-08-27,1970.0,Jason Dwight Campsall,Jason McCoy,"Barrie , Ontario, Canada",,Country,1970 births|Living people|Canadian country singer-songwriters|Canadian male singer-songwriters|Open Road Recordings artists|MCA Records artists|Musicians from Barrie|Singers from Ontario|Canadian Country Music Association Male Artist of the Year winners|Canadian Country Music Association Song of the Year winners|21st-century Canadian male singers|21st-century Canadian singer-songwriters
https://en.wikipedia.org/wiki/John_Landry,John Landry,1969-12-22,1969.0,John Mark Landry,John Landry,,,Country,1969 births|Canadian male singer-songwriters|Canadian country singer-songwriters|Living people|Musicians from Montreal
https://en.wikipedia.org/wiki/Polo_G,Polo G,1999-01-06,1999.0,Taurus Tremani Bartlett,Polo G,"Chicago , Illinois, United States",Polo Capalot|Lil Capalot|Piano G,Midwestern hip-hop|drill|||trap|conscious hip hop,1999 births|Living people|21st-century American male singers|21st-century American rappers|21st-century African-American male rappers|21st-century African-American rappers|21st-century American male rappers|African-American male singer-songwriters|American male singer-songwriters|American hip-hop singers|Columbia Records artists|American drill musicians|Gangsta rappers|Midwest hip-hop musicians|Rappers from Chicago|Singers from Chicago|Singer-songwriters from Illinois|American trap musicians
https://en.wikipedia.org/wiki/Kate_Mann,Kate Mann,,,,,,,Americana|| Roots,"Living people|Musicians from Portland, Oregon|Guitarists from New Mexico|Guitarists from Oregon|Americana musicians|21st-century American guitarists|21st-century American women guitarists|21st-century American flautists"
https://en.wikipedia.org/wiki/Kira_Isabella,Kira Isabella,1993-09-18,1993.0,Kira Isabella Wilkie,Kira Isabella,"Ottawa, Ontario , Canada",,Country,1993 births|21st-century Canadian singer-songwriters|21st-century Canadian women singers|Canadian Country Music Association Female Artist of the Year winners|Canadian Country Music Association Rising Star Award winners|Canadian country singer-songwriters|Canadian people of Colombian descent|Canadian women country singers|Canadian women singer-songwriters|Living people|Singers from Ottawa
https://en.wikipedia.org/wiki/Hank_Snow,Hank Snow,1914-05-09,1914.0,Clarence Eugene Snow,Hank Snow,"Brooklyn, Nova Scotia , Canada",Hank|The Yodeling Ranger|Hank Snow|The Singing Ranger,Country,"1914 births|1999 deaths|20th-century American composers|20th-century American male singers|20th-century American singers|20th-century Canadian male singers|20th-century Canadian singer-songwriters|20th-century American male composers|American male songwriters|American yodelers|Burials at Spring Hill Cemetery (Nashville, Tennessee)|Canadian country singer-songwriters|Canadian emigrants to the United States|Canadian male singer-songwriters|Canadian Music Hall of Fame inductees|Country Music Hall of Fame inductees|Grand Ole Opry members|Naturalized citizens of the United States|People from Queens County, Nova Scotia|RCA Records Nashville artists|Singers from Nova Scotia"
https://en.wikipedia.org/wiki/Gone_West,Gone West,,,,,,,Country pop|| folk-pop,Country music groups from Tennessee|Musical groups established in 2018|Colbie Caillat|Thirty Tigers artists|Musical groups disestablished in 2020|2018 establishments in the United States|Mixed-gender musical quartets
https://en.wikipedia.org/wiki/Leahy,Leahy,,,,,,,Folk|/|Country|Celtic,Canadian country music groups|Canadian folk music groups|Juno Award for Breakthrough Group of the Year winners|Canadian people of Irish descent|Musical groups from Ontario|Canadian Celtic music groups|Juno Award for Instrumental Album of the Year winners|Canadian Country Music Association Group or Duo of the Year winners|Sibling musical groups
https://en.wikipedia.org/wiki/Tom_Leahy,Tom Leahy,,,,,,,,Human name disambiguation pages
https://en.wikipedia.org/wiki/The_Stanley_Brothers,The Stanley Brothers,,,,,,,bluegrass|Appalachian folk|country|gospel,"American bluegrass music groups|King Records artists|Starday Records artists|Culture of Virginia|Mercury Records artists|Columbia Records artists|Country musicians from Virginia|Musical groups from Appalachia|People from Dickenson County, Virginia|Musical groups from Virginia"
https://en.wikipedia.org/wiki/The_Gourds,The Gourds,,,,,,,Alternative country|progressive bluegrass|Texas country,"American alternative country groups|Musical groups from Austin, Texas|Musical groups established in 1994|1994 establishments in Texas|Yep Roc Records artists|Vanguard Records artists|Progressive bluegrass music groups|Sugar Hill Records artists"
https://en.wikipedia.org/wiki/Mary_Duff,Mary Duff,1964-07-19,1964.0,,,"19 July 1964 County Meath , Ireland",,Country|folk,Irish country singers|Irish women country singers|Irish women folk singers|Irish folk singers|Musicians from County Meath|Living people|1964 births
https://en.wikipedia.org/wiki/McHayes,McHayes,,,,,,,Country,"Country music groups from Tennessee|American country music duos|Musical groups established in 2003|Musical groups disestablished in 2003|Show Dog-Universal Music artists|2003 establishments in Tennessee|Musicians from Nashville, Tennessee|American male musical duos"
https://en.wikipedia.org/wiki/The_Kentucky_Headhunters,The Kentucky Headhunters,,,,,,,Country rock|| Southern rock |,"Musical groups established in 1986|American country rock groups|BNA Records artists|MNRK Music Group artists|Grammy Award winners|Mercury Records artists|Rock music groups from Kentucky|American southern rock musical groups|Country music groups from Kentucky|1986 establishments in Kentucky|Edmonton, Kentucky|American musical quartets"
https://en.wikipedia.org/wiki/Old_Dominion,Old Dominion,,,,,,,,Disambiguation pages|Place name disambiguation pages
https://en.wikipedia.org/wiki/Parmalee,Parmalee,,,,,,,Country|rock||,Country music groups from North Carolina|BBR Music Group artists|Musical groups from North Carolina|Musical groups established in 2001|American musical quartets|2001 establishments in North Carolina|American country rock groups
https://en.wikipedia.org/wiki/Ray_Griff,Ray Griff,1940-04-22,1940.0,John Raymond David Griff,Ray Griff,"Vancouver, British Columbia , Canada",,Country,"1940 births|2016 deaths|Canadian male singer-songwriters|Canadian country singer-songwriters|Groove Records artists|GRT Records artists|Singers from Vancouver|Singers from Nashville, Tennessee"
https://en.wikipedia.org/wiki/Rio_Grand,Rio Grand,,,,,,,Country,Country music groups from Texas|Curb Records artists|Musical groups established in 2006|Musical groups disestablished in 2012|2006 establishments in Texas
https://en.wikipedia.org/wiki/Rob_Ickes,Rob Ickes,1967-05-26,1967.0,,,"San Francisco , California , United States",,Bluegrass|| country|| jazz,"Living people|American bluegrass musicians|American slide guitarists|1967 births|Blue Coast Records artists|Resonator guitarists|Grammy Award winners|Jazz musicians from Tennessee|Bluegrass musicians from Tennessee|Musicians from Nashville, Tennessee|Musicians from San Francisco"
https://en.wikipedia.org/wiki/Rocket_Club,Rocket Club,,,,,,,Country,American country music groups|Musical groups from Minnesota|Musical groups established in 2008|2008 establishments in Minnesota
https://en.wikipedia.org/wiki/Roger_Springer,Roger Springer,1962-06-15,1962.0,,,,,Country,1962 births|American country singer-songwriters|American male singer-songwriters|Giant Records (Warner) artists|Living people|MCA Records artists
https://en.wikipedia.org/wiki/Ron_Hynes,Ron Hynes,1950-12-07,1950.0,,,"St. John's, Newfoundland and Labrador , Canada",,Folk|| Country,"Canadian country singer-songwriters|Canadian folk singer-songwriters|Canadian male singer-songwriters|1950 births|2015 deaths|Musicians from St. John's, Newfoundland and Labrador|Deaths from cancer in Newfoundland and Labrador|Deaths from throat cancer in Canada|Best Original Song Genie and Canadian Screen Award winners|Singers from Newfoundland and Labrador"
https://en.wikipedia.org/wiki/Ryan_Laird,Ryan Laird,1984-03-08,1984.0,Ryan Laird,,"Toronto , Ontario, Canada",,Country,1984 births|Canadian country singer-songwriters|Canadian male singer-songwriters|People from Centre Wellington|Singers from Toronto|Living people|306 Records artists|21st-century Canadian male singers|21st-century Canadian singer-songwriters
https://en.wikipedia.org/wiki/Earl_Scruggs,Earl Scruggs,1924-01-06,1924.0,Earl Eugene Scruggs,Earl Scruggs,"Cleveland County, North Carolina , United States",,Bluegrass|progressive country|| gospel,"1924 births|2012 deaths|Activists from North Carolina|American anti–Vietnam War activists|American country banjoists|Blue Grass Boys members|Bluegrass musicians from North Carolina|Burials at Spring Hill Cemetery (Nashville, Tennessee)|Columbia Records artists|Country musicians from North Carolina|Foggy Mountain Boys members|Grammy Award winners|Grammy Lifetime Achievement Award winners|Grand Ole Opry members|National Heritage Fellowship winners|North Carolina Heritage Award winners|People from Cleveland County, North Carolina|Progressive country musicians|United States National Medal of Arts recipients"
https://en.wikipedia.org/wiki/Lasse_Stefanz,Lasse Stefanz,,,,,,Lasse Stefans,Dansband|country,Musical groups established in 1967|Dansbands|Sibling musical groups|1967 establishments in Sweden|Culture in Kristianstad|Musical groups from Skåne County|20th-century establishments in Kristianstad County
https://en.wikipedia.org/wiki/Rascal_Flatts,Rascal Flatts,,,,,,,Country|country pop|country rock,"1999 establishments in Ohio|2021 disestablishments in Ohio|American country rock groups|American musical trios|Big Machine Records artists|Grand Ole Opry members|Lyric Street Records artists|Musical groups established in 1999|Musical groups from Columbus, Ohio|Musical groups disestablished in 2021|Musical groups reestablished in 2024|Vocal trios"
https://en.wikipedia.org/wiki/Sparx,Sparx,,,,,,,,Disambiguation pages
https://en.wikipedia.org/wiki/The_Boxmasters,The Boxmasters,,,,,,,Blues rock|| country|| country rock|| psychobilly|| rockabilly|| roots rock |,2007 establishments in California|American blues rock musical groups|American country rock groups|American psychobilly musical groups|Mod revival groups|Musical groups established in 2007|Musical quartets from California|Rock music groups from California|American rockabilly music groups|Thirty Tigers artists|Vanguard Records artists
https://en.wikipedia.org/wiki/The_Grascals,The Grascals,,,,,,,bluegrass|| southern gospel,"American bluegrass music groups|Musical groups from Nashville, Tennessee|Musical groups established in 2004"
https://en.wikipedia.org/wiki/The_Hutchens,The Hutchens,,,,,,,Country,Country music groups from North Carolina|Atlantic Records artists|Sibling musical trios|American country musical group stubs
https://en.wikipedia.org/wiki/The_Isaacs,The Isaacs,,,,,,,Southern gospel|| Bluegrass|| Country,"American bluegrass music groups|American folk music groups|Family musical groups|Musical groups from Tennessee|Southern gospel performers|Converts to Christianity from Judaism|People from LaFollette, Tennessee"
https://en.wikipedia.org/wiki/The_SteelDrivers,The SteelDrivers,,,,,,,Bluegrass,"Musical groups from Nashville, Tennessee|American bluegrass music groups|Rounder Records artists"
https://en.wikipedia.org/wiki/Tim_Hus,Tim Hus,,1979.0,,,1979,,Country|| folk,"Living people|Canadian country singer-songwriters|Musicians from British Columbia|People from Nelson, British Columbia|Stony Plain Records artists|Canadian singer-songwriter stubs"
https://en.wikipedia.org/wiki/Valdy,Valdy,1945-09-01,1945.0,Paul Valdemar Horsdal,Valdy,"1 September 1945 Ottawa , Ontario, Canada",,Folk|| country,1945 births|Living people|Canadian folk singer-songwriters|Canadian country singer-songwriters|Canadian male singer-songwriters|Juno Award winners|Singers from Ottawa|Singers from British Columbia|Members of the Order of Canada|Lisgar Collegiate Institute alumni|Stony Plain Records artists|A&M Records artists
https://en.wikipedia.org/wiki/Zaca_Creek,Zaca Creek,,,,,,,Country,Country music groups from California|Columbia Records artists|Giant Records (Warner) artists|American country musical group stubs
https://en.wikipedia.org/wiki/The_Bellamy_Brothers,The Bellamy Brothers,,,,,,,Country,"Businesspeople in the cannabis industry|American country music duos|Atlantic Records artists|Country music groups from Florida|Country pop duos|Curb Records artists|Elektra Records artists|Intersound Records artists|MCA Records artists|Musical groups established in 1968|Pasco High School (Florida) alumni|People from Pasco County, Florida|Sibling musical duos|Warner Records artists|1968 establishments in Florida"
https://en.wikipedia.org/wiki/Gene_Vincent,Gene Vincent,1935-02-11,1935.0,Vincent Eugene Craddock,Gene Vincent,"Norfolk, Virginia , United States",,Rockabilly|rock and roll|country,"1935 births|1971 deaths|20th-century American singer-songwriters|American bandleaders|American male singer-songwriters|American male guitarists|American country rock singers|American rock singers|American country guitarists|American rock guitarists|American rockabilly guitarists|American rockabilly musicians|Guitarists from Virginia|American expatriates in the United Kingdom|American musicians with disabilities|American rock musicians|Apex Records artists|Capitol Records artists|Challenge Records artists|Dandelion Records artists|Kama Sutra Records artists|Norton Records artists|Singer-songwriters from Virginia|Musicians from Norfolk, Virginia|Rock and roll musicians|United States Navy personnel of the Korean War|United States Navy sailors|Deaths from ulcers|20th-century American guitarists|20th-century American male singers|Deaths from bleeding"
https://en.wikipedia.org/wiki/Breland,Breland,,,,,,,,Disambiguation pages|Place name disambiguation pages|Disambiguation pages with surname-holder lists
https://en.wikipedia.org/wiki/Brian_Hyland,Brian Hyland,1943-11-12,1943.0,,,"Queens, New York City , United States",,Bubblegum|| pop|| country,"1943 births|Living people|American male pop singers|People from Woodhaven, Queens|Uni Records artists|Dot Records artists|Philips Records artists|Kapp Records artists|ABC Records artists|American male singers|American child singers|American child pop musicians"
https://en.wikipedia.org/wiki/Brooks_&_Dunn,Brooks & Dunn,,,,,,,Neotraditional country |,American male musical duos|Country music groups from Tennessee|American country music duos|Arista Nashville artists|Grammy Award winners|Sony Music Publishing artists|Musical groups established in 1990|Musical groups disestablished in 2010|Musical groups reestablished in 2015|Musical duos from Tennessee|Country Music Hall of Fame inductees|American English-language novels
https://en.wikipedia.org/wiki/The_Mavericks,The Mavericks,,,,,,,Country|| alternative country|| country rock|| Americana|| Tex-Mex |,1989 establishments in Florida|American alternative country groups|Big Machine Records artists|Country music groups from Florida|Grammy Award winners|MCA Records artists|Mercury Records artists|Musical groups established in 1989|Musical groups from Miami|Musical quartets from Florida|Sanctuary Records artists
https://en.wikipedia.org/wiki/Bubba_Sparxxx,Bubba Sparxxx,1977-03-06,1977.0,Warren Anderson Mathis,Bubba Sparxxx,"Troup County, Georgia , United States",Bubba,Southern hip-hop|country rap,"1977 births|Living people|Dungeon Family members|Interscope Records artists|People from LaGrange, Georgia|American people of French descent|Musicians from Tampa, Florida|Rappers from Atlanta|Rappers from Florida|Swing Mob artists|Virgin Records artists|Country rappers|Southern hip-hop musicians|21st-century American male rappers|MNRK Music Group artists|Universal Records artists|EMI Records artists|21st-century American rappers|Purple Ribbon All-Stars members|Singer-songwriters from Florida|Singer-songwriters from Georgia (U.S. state)"
https://en.wikipedia.org/wiki/The_War_and_Treaty,The War and Treaty,,,,,,,Americana|Southern soul|blues|folk|rock|gospel|country|R&B,"Musical groups established in 2014|Albion, Michigan|Mercury Records artists|2014 establishments in Michigan|Thirty Tigers artists|Male–female musical duos|Musical married couples|Musical groups from Michigan|Rounder Records artists|African-American musical duos"
https://en.wikipedia.org/wiki/Moe_Bandy,Moe Bandy,1944-02-12,1944.0,Marion Franklin Bandy Jr.,Moe Bandy,"Meridian, Mississippi , United States",,Country,"1944 births|Living people|Musicians from Meridian, Mississippi|Columbia Records artists|Curb Records artists|Saddle bronc riders|Bull riders|Country musicians from Mississippi"
https://en.wikipedia.org/wiki/Buckwheat_Zydeco,Buckwheat Zydeco,1947-11-14,1947.0,Stanley Dural Jr.,Buckwheat Zydeco,"Lafayette, Louisiana , United States",Buckwheat Zydeco,Zydeco|R&B,"1947 births|2016 deaths|American accordionists|Black Top Records artists|Deaths from lung cancer in Louisiana|Island Records artists|Charisma Records artists|Musicians from Lafayette, Louisiana|Rounder Records artists|Zydeco accordionists|20th-century African-American musicians|21st-century African-American musicians|African-American Catholics|American Roman Catholics|Grammy Award winners|Zydeco musicians"
https://en.wikipedia.org/wiki/The_Chicks,The Chicks,,,,,,Dixie Chicks (1989–2020),Country|| bluegrass|| country pop |,The Chicks|1989 establishments in Texas|American bluegrass music groups|Country music groups from Texas|Country pop groups|Columbia Records artists|Grammy Award winners|Juno Award for International Album of the Year winners|Liberalism in the United States|Monument Records artists|Musical groups established in 1989|Musical groups from Dallas|Musical trios from Texas|Sibling musical groups|Victims of cyberbullying|Name changes due to the George Floyd protests|Vocal trios|American all-female bands|All-female country bands|All-female pop bands|American political music groups
https://en.wikipedia.org/wiki/John_Duncan,John Duncan,,,,,,,,Human name disambiguation pages
https://en.wikipedia.org/wiki/Windward_and_leeward,Windward and leeward,,,,,,,,Nautical terminology|Orientation (geometry)|Wind
https://en.wikipedia.org/wiki/Lady_A,Lady A,,,,,,Lady Antebellum (2006–2020),Country|country pop,"Big Machine Records artists|Country music groups from Tennessee|Country pop groups|Capitol Records artists|Grammy Award winners|American Music Awards winners|Musical groups established in 2006|Musical groups from Nashville, Tennessee|Musical trios from Tennessee|2006 establishments in Tennessee|Lady A|Name changes due to the George Floyd protests|Race-related controversies in music|Mixed-gender musical trios"
https://en.wikipedia.org/wiki/Leen,Leen,,,,,,,,Disambiguation pages
https://en.wikipedia.org/wiki/Jessie_Murph,Jessie Murph,2004-09-22,2004.0,,,"Clarksville, Tennessee , United States",,Pop|country|trap|blues |,"2004 births|Living people|21st-century American women singers|American women pop singers|Country pop musicians|EDM trap musicians|People from Athens, Alabama|Singers from Alabama|21st-century rappers"
https://en.wikipedia.org/wiki/Ian_&_Sylvia,Ian & Sylvia,,,,,,,Folk|| country|| country rock,Musical groups established in 1959|Musical groups disestablished in 1975|Canadian folk music groups|Canadian Music Hall of Fame inductees|Vanguard Records artists|Canadian musical duos|Male–female musical duos|Musical married couples|Musical groups from Toronto|1959 establishments in Ontario|1975 disestablishments in Ontario
https://en.wikipedia.org/wiki/Dan_+_Shay,Dan + Shay,,,,,,,Country|country pop,"2012 establishments in Tennessee|American male musical duos|Country music duos|Country music groups from Tennessee|Country pop duos|Grammy Award winners|Judges in American reality television series|Musical groups established in 2012|Musical duos from Tennessee|Musical groups from Nashville, Tennessee|Warner Records artists"
https://en.wikipedia.org/wiki/Grayson_Capps,Grayson Capps,,,,,"Opelika, Alabama , United States",,Americana|| blues rock |,"People from Opelika, Alabama|Living people|Tulane University alumni|Americana musicians|American blues rock musicians|Singer-songwriters from Alabama"
https://en.wikipedia.org/wiki/Charlie_McCoy,Charlie McCoy,1941-03-28,1941.0,Charles Ray McCoy,Charlie McCoy,,,Country,"1941 births|Living people|American country harmonica players|People from Oak Hill, West Virginia|American session musicians|Grammy Award winners|Country Music Hall of Fame inductees|Members of the Country Music Association|Million Dollar Band (country music group) members|Monument Records artists|Step One Records artists|Country musicians from West Virginia|American country guitarists|American country bass guitarists|Guitarists from West Virginia|American male bass guitarists|American multi-instrumentalists|Steve Miller Band members|20th-century American bass guitarists|20th-century American male musicians|American male singer-songwriters|Singer-songwriters from West Virginia"
https://en.wikipedia.org/wiki/Christian_López,Christian López,,,,,,,,Human name disambiguation pages
https://en.wikipedia.org/wiki/Jason_Ringenberg,Jason Ringenberg,1958-11-22,1958.0,,,"Kewanee, Illinois United States",Farmer Jason,Country rock|Alt-country|Americana|Cowpunk,"1958 births|Living people|People from Kewanee, Illinois|American country rock singers|American rock guitarists|American male guitarists|American male singer-songwriters|American rock singers|American rock songwriters|American children's musicians|American alternative country musicians|Southern Illinois University Carbondale alumni|Singer-songwriters from Illinois|Guitarists from Illinois|20th-century American guitarists|Country musicians from Illinois|20th-century American male musicians"
https://en.wikipedia.org/wiki/Warren_Zevon,Warren Zevon,1947-01-24,1947.0,Warren William Zevon,Warren Zevon,"Chicago, Illinois , United States",Sandy moi Zevon|Stephen Lyme,Rock|pop rock|folk rock|country rock|blues rock|hard rock|psychedelic rock|alternative rock|comedy rock,Warren Zevon|1947 births|2003 deaths|20th-century American keyboardists|20th-century American male singers|20th-century American male writers|20th-century American singer-songwriters|21st-century American keyboardists|21st-century American singer-songwriters|21st-century American writers|American baritones|American male singer-songwriters|American people of Russian-Jewish descent|American rock keyboardists|American rock singers|American rock songwriters|Artemis Records artists|Asylum Records artists|Deaths from mesothelioma in California|Giant Records (Warner) artists|Grammy Award winners|Hindu Love Gods (band) members|Imperial Records artists|People with obsessive–compulsive disorder|Reprise Records artists|Rykodisc artists|Singer-songwriters from Illinois|Singers from Chicago|Virgin Records artists|White Whale Records artists|Writers from Chicago
https://en.wikipedia.org/wiki/Eagle_Seagull,Eagle Seagull,,,,,,,Indie,Indie rock musical groups from Nebraska|PIAS Recordings artists
https://en.wikipedia.org/wiki/Josh_Ross,Josh Ross,1996-05-27,1996,,,"Waterdown, Ontario , Canada",,Country,"Living people|Universal Music Group artists|Canadian Country Music Association Entertainer(s) of the Year winners|Canadian Country Music Association Male Artist of the Year winners|Canadian Country Music Association Single of the Year winners|Canadian country singer-songwriters|Canadian male singer-songwriters|Singers from Ontario|People from Burlington, Ontario|Western Mustangs football players|21st-century Canadian male singers|1996 births|21st-century Canadian singer-songwriters|Juno Award for Country Album of the Year winners"
https://en.wikipedia.org/wiki/High_Valley,High Valley,,,,,,,Country|bluegrass,Musical groups established in 1997|Musical groups from Alberta|Canadian country music groups|Centricity Music artists|Open Road Recordings artists|Atlantic Records artists|1997 establishments in Alberta|Canadian Country Music Association Group or Duo of the Year winners|Mennonite musicians
https://en.wikipedia.org/wiki/MacKenzie_Porter,MacKenzie Porter,1990-01-29,1990,MacKenzie Lea Porter,MacKenzie Porter,"Medicine Hat , Alberta , Canada",,Country|country pop,1990 births|21st-century Canadian actresses|Canadian Country Music Association Female Artist of the Year winners|21st-century Canadian singer-songwriters|21st-century Canadian violinists and fiddlers|21st-century Canadian women singers|21st-century Canadian women pianists|Actresses from Alberta|Big Loud artists|Canadian child actresses|Canadian country fiddlers|Canadian country singer-songwriters|Canadian film actresses|Canadian television actresses|Canadian voice actresses|Canadian women country singers|Canadian women singer-songwriters|Canadian women violinists and fiddlers|Living people|Singers from Alberta|People from Medicine Hat
https://en.wikipedia.org/wiki/P%C3%A9rez_Prado,Pérez Prado,1916-12-11,1916,Dámaso Pérez Prado,Pérez Prado,"Matanzas , Cuba","""Prez"" Prado|""The King of the Mambo""",Mambo,1916 births|1989 deaths|Bell Records artists|Cuban big band bandleaders|Cuban jazz bandleaders|Cuban jazz pianists|Cuban emigrants to Mexico|Cuban male composers|Mambo musicians|Musicians from Mexico City|Naturalized citizens of Mexico|Orfeón Records artists|People from Matanzas|RCA Victor artists|20th-century Cuban composers|20th-century Cuban pianists
https://en.wikipedia.org/wiki/Animal_Farm,Animal Farm,,,,,,,Political satire|| Dystopia|| Allegory,Animal Farm|1945 British novels|Animal tales|Books about Joseph Stalin|British novellas|British novels adapted for radio|British novels adapted into films|British novels adapted into operas|British novels adapted into plays|British novels adapted into television shows|British political novels|British satirical novels|Books about cattle|Books critical of communism|Censored books|Cultural depictions of Karl Marx|Cultural depictions of Leon Trotsky|Cultural depictions of Nicholas II of Russia|Dystopian novels|English novels|Fantasy novels adapted into films|Fiction about totalitarianism|Hugo Award for Best Novella–winning works|Novels about animals|Novels about dogs|Novels about pigs|Novels about propaganda|Novels about revolutionaries|Novels about totalitarianism|British novels adapted into comics|Novels adapted into video games|Novels by George Orwell|Novels set on farms|Political satire novels|Roman à clef novels|Secker & Warburg books|Works about Vladimir Lenin
https://en.wikipedia.org/wiki/Emerson_Drive,Emerson Drive,,,,,,12 Gauge,Country,Canadian country music groups|Musical groups established in 1995|Big Machine Records artists|DreamWorks Records artists|Open Road Recordings artists|Canadian musical quintets|Midas Records Nashville artists|Canadian Country Music Association Rising Star Award winners|Canadian Country Music Association Single of the Year winners|Canadian Country Music Association Group or Duo of the Year winners
https://en.wikipedia.org/wiki/The_Farm,The Farm,,,,,,,,Disambiguation pages
https://en.wikipedia.org/wiki/Exile,Exile,,,,,,,,Exile|Punishments|Literary motifs
https://en.wikipedia.org/wiki/The_Wreckers,The Wreckers,,,,,,,Country,The Wreckers|American country music duos|Musical groups established in 2005|Musical groups disestablished in 2007|Maverick Records artists|Michelle Branch|Female musical duos
https://en.wikipedia.org/wiki/Tante_Leen,Tante Leen,1912-01-28,1912,Helena Kok-Polder,Tante Leen,28 January 1912,,,1912 births|1992 deaths|Drinking establishment owners|Dutch folk singers|Dutch women folk singers|20th-century Dutch businesswomen|20th-century Dutch businesspeople|Singers from Amsterdam|20th-century Dutch women singers
https://en.wikipedia.org/wiki/Hal_Willis,Hal Willis,,,,,,,,Human name disambiguation pages
https://en.wikipedia.org/wiki/Denis_of_Portugal,Denis of Portugal,,,,,"9 October 1261 Lisbon , Portugal",,,1261 births|1325 deaths|Portuguese infantes|House of Burgundy-Portugal|Portuguese male poets|13th-century Galician-Portuguese troubadours|Nobility from Lisbon|Portuguese classical composers|13th-century Portuguese monarchs|14th-century Portuguese monarchs|Portuguese male classical composers|Portuguese Roman Catholics|14th-century farmers
https://en.wikipedia.org/wiki/Anne_Murray,Anne Murray,1945-06-20,1945,Morna Anne Murray,Anne Murray,"Springhill, Nova Scotia , Canada",,Country|soft rock|pop|adult contemporary,"Anne Murray|1945 births|20th-century Canadian guitarists|20th-century Canadian women singers|20th-century Canadian women guitarists|21st-century Canadian guitarists|21st-century Canadian women singers|21st-century Canadian women guitarists|Ballad musicians|Canadian Roman Catholics|Canadian Music Hall of Fame inductees|Canadian folk singers|Canadian gospel singers|21st-century Canadian memoirists|Canadian schoolteachers|Canadian soft rock musicians|Canadian women country singers|Canadian women folk singers|Canadian women memoirists|Canadian women pop singers|Capitol Records artists|Companions of the Order of Canada|Country pop musicians|EMI Records artists|Grammy Award winners|Juno Award for Album of the Year winners|Juno Award for Artist of the Year winners|Juno Award for Children's Album of the Year winners|Juno Award for Single of the Year winners|Liberty Records artists|Living people|Members of the Order of Nova Scotia|Singers from Nova Scotia|Singers from Toronto|People from Cumberland County, Nova Scotia|People from Thornhill, Ontario|SBK Records artists|University of New Brunswick alumni|Canadian contraltos|Governor General's Award winners|Musicians from the Regional Municipality of York|Guitarists from Toronto"
https://en.wikipedia.org/wiki/Digital_Farm_Animals,Digital Farm Animals,,,,,"Nick Gale London , England",,Electronic|| house|| dance,English remixers|English record producers|English electronic dance music DJs|English male singers|English male songwriters|Living people|People from Stanmore
https://en.wikipedia.org/wiki/Jim_Hurst,Jim Hurst,,,,,James Edward Hurst,,Country|| Bluegrass,American bluegrass guitarists|American male guitarists|American country guitarists|American country singer-songwriters|Living people|American male singer-songwriters
https://en.wikipedia.org/wiki/The_Voice_(American_TV_series)_season_10,The Voice (American TV series) season 10,,,,,,,,The Voice (American TV series)|2016 American television seasons
https://en.wikipedia.org/wiki/The_Wilburn_Brothers,The Wilburn Brothers,,,,,,,Country,"American country music groups|American country music duos|Grand Ole Opry members|4 Star Records artists|Decca Records artists|People from Sharp County, Arkansas|Musical groups established in 1954|Sibling musical duos"
https://en.wikipedia.org/wiki/Paul_McCartney,Paul McCartney,1942-06-18,1942,James Paul McCartney,Paul McCartney,"18 June 1942 Liverpool , England",,Rock|pop|classical|electronic,"Paul McCartney|1942 births|Living people|20th-century English guitarists|20th-century English classical composers|20th-century English male composers|20th-century English bass guitarists|20th-century English male singers|20th-century English singer-songwriters|21st-century English guitarists|21st-century English classical composers|21st-century English male composers|21st-century English bass guitarists|21st-century English male singers|21st-century English singer-songwriters|20th-century English pianists|21st-century English pianists|21st-century English philanthropists|Academics of the Liverpool Institute for Performing Arts|Anti-fracking movement|Apple Records artists|Beat musicians|Best Original Music Score Academy Award winners|Brit Award winners|British ballet composers|English male pianists|Capitol Records artists|Columbia Records artists|Composers awarded knighthoods|Decca Records artists|EMI Classics and Virgin Classics artists|English animal rights activists|English billionaires|English electronic musicians|English film producers|English film score composers|English male classical composers|English male film score composers|English male singer-songwriters|English multi-instrumentalists|English people convicted of drug offences|English people imprisoned abroad|English people of Irish descent|English pop guitarists|English pop pianists|English pop rock singers|English male pop singers|English prisoners and detainees|English record producers|English rock bass guitarists|English rock guitarists|English rock keyboardists|English pop keyboardists|English rock pianists|English male rock singers|English tenors|English vegetarianism activists|Fellows of the American Academy of Arts and Sciences|British fingerstyle guitarists|Gershwin Prize recipients|Grammy Award winners|Grammy Lifetime Achievement Award winners|Honorary members of the Royal Academy of Music|Ivor Novello Award winners|Kennedy Center honorees|Knights Bachelor|English male bass guitarists|Family of Paul McCartney|Members of the Order of the British Empire|Members of the Order of the Companions of Honour|Mercury Records artists|MTV Europe Music Award winners|Musicians awarded knighthoods|Musicians from Liverpool|NME Awards winners|Oratorio composers|Parlophone artists|Paul McCartney and Wings members|Paul McCartney Band members|People educated at Liverpool Institute High School for Boys|People from Allerton|People from Peasmarsh|People from Speke|People from St John's Wood|People from Walton, Liverpool|Plant-based diet advocates|People associated with the Vegetarian Society|Polydor Records artists|Primetime Emmy Award winners|British people imprisoned in Japan|British recipients of the Legion of Honour|Recipients of the Order of the Sun of Peru|Singers awarded knighthoods|Singers from Liverpool|Singers with a four-octave vocal range|Swan Records artists|The Beatles members|The Quarrymen members|Vee-Jay Records artists|Wolf Prize in Arts laureates"
https://en.wikipedia.org/wiki/Forever_Country,Forever Country,,,,,,,Country,2016 songs|2016 singles|Country music supergroups|Brad Paisley songs|Keith Urban songs|Tim McGraw songs|Faith Hill songs|Little Big Town songs|Luke Bryan songs|Miranda Lambert songs|Blake Shelton songs|George Strait songs|Kacey Musgraves songs|Eric Church songs|Ronnie Milsap songs|Charley Pride songs|Dierks Bentley songs|Trisha Yearwood songs|Lady A songs|Darius Rucker songs|Martina McBride songs|Jason Aldean songs|Rascal Flatts songs|Willie Nelson songs|Brooks & Dunn songs|Alabama (American band) songs|Brett Eldredge songs|Reba McEntire songs|Alan Jackson songs|Vince Gill songs|Carrie Underwood songs|Dolly Parton songs|MCA Nashville Records singles|Music medleys|Songs written by Bill Danoff|Songs written by John Denver|Songs written by Willie Nelson|Songs written by Dolly Parton|Song recordings produced by Shane McAnally|Songs about country music|Music videos directed by Joseph Kahn|Vocal collaborations
https://en.wikipedia.org/wiki/Takahiro_(singer),Takahiro (singer),1984-12-08,1984,Takahiro Tasaki,Takahiro,"8 December 1984 Nagasaki Prefecture , Japan",Takahiro|Exile Takahiro,J-pop,Japanese male pop singers|Japanese male actors|Singers from Nagasaki Prefecture|1984 births|Living people|LDH (company) artists|21st-century Japanese singers|21st-century Japanese male singers
https://en.wikipedia.org/wiki/Atsushi_(musician),Atsushi (musician),1980-04-30,1980,Atsushi Satō,Atsushi,"Koshigaya , Saitama , Japan",,Pop|| R&B,"1980 births|Living people|Japanese male pop singers|Japanese contemporary R&B singers|Japanese male musicians|Japanese male singer-songwriters|Singers from Saitama Prefecture|People from Koshigaya, Saitama|LDH (company) artists|21st-century Japanese singer-songwriters|21st-century Japanese male singers"
https://en.wikipedia.org/wiki/Keith_Urban,Keith Urban,1967-10-26,1967,Keith Lionel Urbahn,Keith Urban,"26 October 1967 Whangārei , New Zealand",,Country|country pop|country rock,Keith Urban|1967 births|Living people|20th-century Australian male singers|21st-century American male singers|21st-century American singer-songwriters|21st-century American pianists|21st-century Australian male singers|American country banjoists|American country guitarists|American country singer-songwriters|American lead guitarists|American male guitarists|American male singer-songwriters|American multi-instrumentalists|ARIA Award winners|Australian banjoists|Australian country guitarists|Australian country singer-songwriters|Australian emigrants to the United States|Australian lead guitarists|Australian male guitarists|Australian male singer-songwriters|Australian multi-instrumentalists|Capitol Records artists|Country pop musicians|Grammy Award winners|Grand Ole Opry members|Judges in American reality television series|Naturalised citizens of Australia|Naturalized citizens of the United States|New Zealand emigrants to Australia|Officers of the Order of Australia|Musicians from Brisbane|People named in the Paradise Papers|20th-century Australian singer-songwriters|21st-century Australian singer-songwriters
https://en.wikipedia.org/wiki/Exile_(disambiguation),Exile (disambiguation),,,,,,,,Disambiguation pages
https://en.wikipedia.org/wiki/Gordon_Lightfoot,Gordon Lightfoot,1938-11-17,1938,Gordon Meredith Lightfoot Jr.,Gordon Lightfoot,"Orillia, Ontario , Canada",,Folk|soft rock|country,1938 births|2023 deaths|20th-century Canadian male singers|21st-century Canadian male singers|Canadian acoustic guitarists|Canadian baritones|Canadian country singer-songwriters|Canadian folk guitarists|Canadian Folk Music Award winners|Canadian folk rock musicians|Canadian folk singer-songwriters|Canadian male guitarists|Canadian male singer-songwriters|Canadian Music Hall of Fame inductees|Canadian people of English descent|Canadian pop singers|Companions of the Order of Canada|Fingerstyle guitarists|Juno Award for Artist of the Year winners|Juno Award for Songwriter of the Year winners|Members of the Order of Ontario|Members of the United Church of Canada|Musicians from Simcoe County|Singers from Ontario|People from Orillia|Reprise Records artists|True North Records artists|United Artists Records artists|Warner Records artists|Governor General's Award winners|20th-century Canadian singer-songwriters|21st-century Canadian singer-songwriters
https://en.wikipedia.org/wiki/Eagle-Eye_Cherry,Eagle-Eye Cherry,1968-05-07,1968,Eagle-Eye Lanoo Cherry,Eagle-Eye Cherry,7 May 1968,,Rock|post-grunge|alternative rock|acoustic,1968 births|Living people|English-language Swedish singers|MTV Europe Music Award winners|People of Choctaw descent|Playground Music Scandinavia artists|Singers from Stockholm|Swedish male singers|Swedish people of African-American descent
https://en.wikipedia.org/wiki/Mari-Leen,Mari-Leen,1987-12-02,1987,Mari-Leen Kaselaan,,"2 December 1987 Tartu , Estonian SSR , Soviet Union",,Pop|pop rock,1987 births|Living people|Estonian pop singers|Estonian women pop singers|Musicians from Tartu|21st-century Estonian women singers|English-language Estonian singers|Estonian violinists|Estonian women violinists
https://en.wikipedia.org/wiki/Blu_&_Exile,Blu & Exile,,,,,,,Hip-hop,American hip-hop duos|Musical duos from California|Musical groups established in 2007|Musical groups from Los Angeles
https://en.wikipedia.org/wiki/Bobby_Bare_Jr.,Bobby Bare Jr.,1966-06-28,1966,Robert Joseph Bare Jr.,"Bobby Bare, Jr.","Nashville, Tennessee , United States",,Americana|| alternative country|rock,"1966 births|American country singer-songwriters|American rock musicians|Bloodshot Records artists|Country musicians from Tennessee|Epic Records artists|Guided by Voices members|Living people|Singer-songwriters from Tennessee|Singers from Nashville, Tennessee|Virgin Records artists"
https://en.wikipedia.org/wiki/Carolyn_Dawn_Johnson,Carolyn Dawn Johnson,1971-04-30,1971,,,"Grande Prairie , Alberta, Canada",,Country,1971 births|Living people|People from Grande Prairie|Canadian women country singers|Singers from Alberta|Juno Award winners|Equity Music Group artists|Arista Nashville artists|Canadian Country Music Association Female Artist of the Year winners|Canadian Country Music Association Rising Star Award winners|Canadian Country Music Association Single of the Year winners|Canadian country singer-songwriters|21st-century Canadian women singers|Canadian Country Music Association Album of the Year winners|21st-century Canadian singer-songwriters|JD & the Straight Shot members
https://en.wikipedia.org/wiki/Chris_Cummings,Chris Cummings,1975-08-11,1975,Christopher Allen Thomas Cummings,Chris Cummings,"Norton, New Brunswick , Canada",,Country,"Canadian male singer-songwriters|Canadian country singer-songwriters|People from Kings County, New Brunswick|1975 births|Living people|21st-century Canadian male singers|Reprise Records artists|Singers from New Brunswick|21st-century Canadian singer-songwriters"
https://en.wikipedia.org/wiki/Crystal_Shawanda,Crystal Shawanda,1983-07-26,1983,,,"Wiikwemkoong , Ontario, Canada",,Country|| Blues,Living people|1983 births|21st-century Canadian singer-songwriters|21st-century Canadian women singers|21st-century First Nations musicians|21st-century First Nations women|Canadian Country Music Association Female Artist of the Year winners|Canadian country singer-songwriters|Canadian women country singers|Juno Award for Indigenous Music Album of the Year winners|Singers from Ontario|Canadian Ojibwe people|People from Manitoulin Island|RCA Records Nashville artists|Canadian blues singers|Juno Award for Blues Album of the Year winners|First Nations women singers|Ojibwe musicians
https://en.wikipedia.org/wiki/Diana_Trask,Diana Trask,1940-06-23,1940,Diana Roselyn Trask,Diana Trask,"Camberwell, Victoria , Australia",,Country|country pop|jazz|pop,"1940 births|Living people|20th-century Australian singer-songwriters|Australian country singer-songwriters|Australian expatriates in the United States|Australian women pop singers|Australian women singer-songwriters|ABC Records artists|CBS Records artists|Columbia Records artists|Dot Records artists|People from Camberwell, Victoria|People from Yarra Ranges Shire|Roulette Records artists|Singers from Melbourne"
https://en.wikipedia.org/wiki/Hobby_farm,Hobby farm,,,,,,,,Farms by type|Urban agriculture
https://en.wikipedia.org/wiki/Katherine_Paul,Katherine Paul,1989-06-16,1989,,,"Anacortes, Washington , United States",,Alternative rock|indie rock,"1989 births|21st-century American LGBTQ people|21st-century American singer-songwriters|21st-century American women guitarists|21st-century American guitarists|21st-century American women singers|21st-century multi-instrumentalists|21st-century Native American women writers|21st-century American women writers|21st-century Native American writers|American LGBTQ songwriters|American multi-instrumentalists|American people of Inuit descent|American queer women|American women singer-songwriters|Coast Salish people|Lewis & Clark College alumni|Native American LGBTQ people|LGBTQ people from Oregon|LGBTQ people from Washington (state)|Living people|Singers from Portland, Oregon|Native American singers|Queer singer-songwriters|Saddle Creek Records artists|Singer-songwriters from Oregon|Singer-songwriters from Washington (state)|Native American people from Oregon|Queer women singers|American LGBTQ women singers|American queer singers"
https://en.wikipedia.org/wiki/Lindsay_Ell,Lindsay Ell,1989-03-20,1989,Lindsay Elizabeth Ell,Lindsay Ell,"20 March 1989 Calgary , Alberta , Canada",,Country pop|| pop rock |,1989 births|Living people|Musicians from Calgary|Canadian Country Music Association Single of the Year winners|Canadian women guitarists|Canadian women country singers|Canadian ukulele players|American country singer-songwriters|21st-century Canadian women singers|21st-century Canadian guitarists|Canadian television hosts|21st-century women guitarists|Singers from Alberta|Universal Music Group artists
https://en.wikipedia.org/wiki/Lisa_Brokop,Lisa Brokop,1973-06-06,1973,,,"Surrey, British Columbia , Canada",,Country,"1973 births|Canadian women country singers|Capitol Records artists|Columbia Records artists|Curb Records artists|Liberty Records artists|Living people|Actors from Surrey, British Columbia|Musicians from British Columbia|20th-century Canadian women singers|21st-century Canadian women singers"
https://en.wikipedia.org/wiki/Love_and_Theft,Love and Theft,,,,,,,,Disambiguation pages
https://en.wikipedia.org/wiki/Michelle_Wright,Michelle Wright,1961-07-01,1961,,,"Chatham, Ontario , Canada",,Country,1961 births|Canadian women country singers|Canadian country singer-songwriters|Canadian country guitarists|Canadian women guitarists|Juno Award winners|Living people|Singers from Ontario|People from Chatham-Kent|Arista Nashville artists|Canadian Country Music Association Fans' Choice Award winners|Canadian Country Music Association Female Artist of the Year winners|Canadian Country Music Association Single of the Year winners|20th-century Canadian women singers|21st-century Canadian women singers|Canadian Country Music Association Album of the Year winners|20th-century Canadian singer-songwriters|21st-century Canadian singer-songwriters
https://en.wikipedia.org/wiki/Morgan_Evans,Morgan Evans,,,,,,,,Human name disambiguation pages
https://en.wikipedia.org/wiki/Open_Mike_Eagle,Open Mike Eagle,1980-11-14,1980,,,,Mike Eagle,Alternative hip hop|| hip hop,1980 births|Living people|American rappers of Jamaican descent|21st-century African-American male rappers|21st-century African-American rappers|21st-century American male rappers|Midwest hip-hop musicians|Rappers from Chicago|Songwriters from Illinois|African-American songwriters|Mello Music Group artists|Project Blowed|21st-century American rappers|21st-century American male musicians|Mush Records artists|21st-century African-American musicians|20th-century African-American musicians|American male songwriters|Alternative hip-hop musicians|Progressive rappers|Underground rappers|Comedians from Chicago|African-American male comedians|African-American comedians|American male comedians|American Twitch (service) streamers
https://en.wikipedia.org/wiki/Tenille_Townes,Tenille Townes,1994-01-20,1994,Tenille Nicole Nadkrynechny,Tenille Townes,,,Country pop,1994 births|21st-century Canadian songwriters|21st-century Canadian women singers|Canadian Country Music Association Album of the Year winners|Canadian Country Music Association Female Artist of the Year winners|Canadian Country Music Association Single of the Year winners|Canadian Country Music Association Songwriter(s) of the Year winners|Canadian people of Ukrainian descent|Canadian women country singers|Juno Award for Country Album of the Year winners|Living people|Singers from Alberta|People from Grande Prairie
https://en.wikipedia.org/wiki/The_Balloon_Farm,The Balloon Farm,,,,,,,Garage rock|| psychedelic rock,Musical groups from New Jersey|Laurie Records artists
https://en.wikipedia.org/wiki/The_Wilkinsons,The Wilkinsons,,,,,,,Country,Canadian country music groups|Family musical groups|Participants in Canadian reality television series|Vocal trios|Canadian musical trios|Female-fronted musical groups|BNA Records artists|Giant Records (Warner) artists|Juno Award winners|Canadian Country Music Association Rising Star Award winners|Canadian Country Music Association Single of the Year winners|Canadian Country Music Association Song of the Year winners|Canadian Country Music Association Group or Duo of the Year winners|Canadian Country Music Association Album of the Year winners|Canadian Country Music Association Fans' Choice Award winners
https://en.wikipedia.org/wiki/Tenille_Arts,Tenille Arts,1994-04-19,1994,Tenille Jade Dakota Arts,Tenille Arts,"Weyburn , Saskatchewan, Canada",,Country,Living people|Canadian women country singers|Canadian country singer-songwriters|1994 births|21st-century Canadian women singers|Singers from Saskatchewan|Canadian Country Music Association Rising Star Award winners|21st-century Canadian singer-songwriters|People from Weyburn
https://en.wikipedia.org/wiki/IWI_Jericho_941,IWI Jericho 941,,,,,,,,Semi-automatic pistols of Israel|9mm Parabellum semi-automatic pistols|.40 S&W semi-automatic pistols|.41 Action Express semi-automatic pistols|.45 ACP semi-automatic pistols|Weapons and ammunition introduced in 1990|Israel Weapon Industries
https://en.wikipedia.org/wiki/Wilma_Lee_Cooper,Wilma Lee Cooper,1921-02-07,1921,Wilma Lee Leary or Willma Leigh Leary,Wilma Lee Cooper,"Valley Head, West Virginia , United States",Wilma Cooper,Country,"1921 births|2011 deaths|Bluegrass musicians from West Virginia|American women country singers|American country singer-songwriters|Grand Ole Opry members|People from Randolph County, West Virginia|21st-century American women|Singer-songwriters from West Virginia"
https://en.wikipedia.org/wiki/The_Eagle_and_Child,The Eagle and Child,,,,,,,,"Pubs in Oxford|Culture in Oxford|Inklings|St John's College, Oxford|University College, Oxford|Grade II listed buildings in Oxford|Grade II listed pubs in Oxfordshire|Timber framed buildings in England"
https://en.wikipedia.org/wiki/Alien_Ant_Farm,Alien Ant Farm,,,,,,,Alternative rock|nu metal|alternative metal|pop-punk|post-grunge,"Alternative rock groups from California|American alternative metal musical groups|Culture of Riverside, California|Musical groups from Riverside County, California|Musical groups established in 1996|Musical quartets from California|Nu metal musical groups from California|1996 establishments in California|Punk rock groups from California|DreamWorks Records artists|Universal Records artists|The End Records artists"
https://en.wikipedia.org/wiki/Gloriana,Gloriana,,,,,,,,"Operas by Benjamin Britten|English-language operas|Operas|1953 operas|Operas set in England|Opera world premieres at the Royal Opera House|Operas set in the 16th century|Operas based on real people|Operas set in London|Operas about Elizabeth I|Cultural depictions of Walter Raleigh|Cultural depictions of Robert Devereux, 2nd Earl of Essex"
