wikidata_qid,wd_birth_date,wd_birth_place_raw,wd_birth_country_raw,wd_occupations,wd_member_of,wd_wikipedia_url,wd_musicbrainz_mbid,wd_aliases
Q7959023,+1977-01-01T00:00:00Z,Waco,United States,singer|singer-songwriter,,https://en.wikipedia.org/wiki/Wade_Bowen,fe510c08-2449-45b4-9463-e55ecf0efc55,Paul Wade Bowen
Q607317,,,,,,https://en.wikipedia.org/wiki/Little_Big_Town,76e78b58-f301-4975-8058-7f84d8360738,
Q110020181,+1988-01-01T00:00:00Z,,,,,https://en.wikipedia.org/wiki/Drake_Milligan,6487e412-6453-4d9a-8842-1c17b292c08c,
Q125884645,+2001-06-29T00:00:00Z,,,,,https://en.wikipedia.org/wiki/Wyatt_Flores,4ae67eb7-c01c-4d71-b995-21b093fcb888,
Q645469,+1941-12-26T00:00:00Z,Puryear,United States,singer|songwriter|record producer,,https://en.wikipedia.org/wiki/Rattlesnake_Annie,7362dd66-44aa-40ca-aecd-0eaab8cbaebb,Annie McGowan
Q6485349,+1955-09-24T00:00:00Z,Oak Park,United States,singer-songwriter|singer,,https://en.wikipedia.org/wiki/Lane_Brody,3ce9b831-be5b-431a-9ffd-ff63138c4f49,
Q6758240,+1960-12-28T00:00:00Z,"Washington, D.C.",United States,singer-songwriter,,https://en.wikipedia.org/wiki/Marcus_Hummon,3f12a151-46d1-4814-bb14-4d1b05e6a30c,Marcus Spencer Hummon
Q6788904,+1966-09-28T00:00:00Z,Asheville,United States,singer|songwriter,,https://en.wikipedia.org/wiki/Matt_King_(singer),24f0b588-b795-4f4c-90c9-81b379eb58a9,
Q7160747,+1947-03-24T00:00:00Z,Butcher Hollow,United States,singer|songwriter,,https://en.wikipedia.org/wiki/Peggy_Sue_(singer),e81944d7-4764-4252-85fa-53a5b13d8537,Peggy Sue Wright|Peggy Sue Webb|Peggy Wright|Peggy Webb|Peggy Sue Wells|Peggy Wells
Q7181690,+1936-12-13T00:00:00Z,Olivehurst,United States,singer-songwriter,,https://en.wikipedia.org/wiki/Phil_Baugh,3541a267-0d4c-4003-b5aa-fb1e5ca6f27a,
Q947101,+1970-03-03T00:00:00Z,Nashville,United States,record producer|singer|writer|singer-songwriter|composer,The Great Eighties Eight,https://en.wikipedia.org/wiki/John_Carter_Cash,31fd3e29-aed0-4361-b3aa-8bf3d86810c5,
Q968338,+1969-04-20T00:00:00Z,Bethel Acres,United States,singer|singer-songwriter|musician|composer|lyricist|guitarist,,https://en.wikipedia.org/wiki/Wade_Hayes,c8e63aff-307e-40fa-baf6-038eeb46363e,Tony Wade Hayes
Q1865837,,,,,,https://en.wikipedia.org/wiki/Little_Texas,7bf4da99-0afc-43f7-b35b-016ad6fd5893,
Q19864144,,,,,,https://en.wikipedia.org/wiki/Chancey_Williams,c43ee0ce-aa77-43ae-b722-afac4bae3c62,
Q4929498,,,,,,https://en.wikipedia.org/wiki/Blue_Mountain_(band),974cccce-9d4a-424e-9225-7e83c121c053,
Q6391041,+1946-02-10T00:00:00Z,,,singer-songwriter|record producer|musician|mandolinist|guitarist,The Stone Poneys|Bryndle,https://en.wikipedia.org/wiki/Kenny_Edwards,7b01f6bf-8ca4-4b85-9df0-d0b1be0fed8c,Kenneth Michael Edwards
Q68503314,,,,singer,,https://en.wikipedia.org/wiki/Benjamin_Tod,c85360c9-7b7f-4cb2-a541-bff275020b9e,Benjamin Tod Flippo
Q6989412,+1965-07-13T00:00:00Z,,,songwriter|singer|country musician,,https://en.wikipedia.org/wiki/Neil_Thrasher,b3ddbf06-392d-41f8-b1d3-080edee320af,
Q7491314,+1966-08-29T00:00:00Z,,,singer-songwriter,,https://en.wikipedia.org/wiki/Shawn_Camp_(singer),41e03cbd-acbf-4d4e-8ed4-218c144de359,Darrell DeShawn Camp
Q1521954,,,,,,https://en.wikipedia.org/wiki/Ghoultown,cd8e2987-765d-4cd0-afc6-82a093443f47,
Q16226634,,,,,,https://en.wikipedia.org/wiki/The_Swon_Brothers,d3889afd-e4d4-41f3-b548-09036264a2f4,Swon Brothers
Q7358941,+1962-06-15T00:00:00Z,,,singer-songwriter|singer,,https://en.wikipedia.org/wiki/Roger_Springer,fc45fb05-bf2b-43ac-b66d-aac3e0287b0a,
Q951665,,,,,,https://en.wikipedia.org/wiki/The_Mavericks,21e68cc5-1295-4b66-8f4d-6ba58d63f78c,Mavericks
Q43081080,,,,,,https://en.wikipedia.org/wiki/The_Steel_Woods,cf8b6ab7-e1e1-44e5-8a1d-f45f6896a9b4,
Q669818,,,,,,https://en.wikipedia.org/wiki/The_Gourds,7f98cb2a-9b68-4b3d-9acf-e858694a3396,
Q142636,,,,,,https://en.wikipedia.org/wiki/The_Chicks,3248ed2d-bada-41b5-a7b6-ac88faa1f1ac,Dixie Chicks|The Dixie Chicks
Q7742642,,,,,,https://en.wikipedia.org/wiki/The_Isaacs,c18472c5-67ce-4d38-9fa3-d5bc2ef856e8,
Q1662265,,,,,,https://en.wikipedia.org/wiki/The_Infamous_Stringdusters,43e088bd-2520-4a84-bb8e-827c86d2cf84,
Q16960029,,,,,,https://en.wikipedia.org/wiki/Lavender_Country,26153021-5c06-403d-b8a9-2f06f19090c1,
Q16959408,,,,,,https://en.wikipedia.org/wiki/Dan_+_Shay,6a2d48d4-25c0-483d-b135-680af589a4ae,Dan & Shay|Dan and Shay
Q1543041,,,,,,https://en.wikipedia.org/wiki/The_Osmonds,be96eda1-7e36-44f6-affe-80780400fae0,Osmonds|Osmond Brothers|The Osmond Brothers
Q815801,,,,,,https://en.wikipedia.org/wiki/The_Bellamy_Brothers,252b5d32-5bd5-4cae-9d48-6aafa2145c33,Bellamy Brothers
Q691006,,,,,,https://en.wikipedia.org/wiki/The_Kentucky_Headhunters,885e66f0-8485-451d-9893-5552260b788d,
Q1869293,,,,,,https://en.wikipedia.org/wiki/Lonestar,407592bd-6b6e-4803-80fd-f17e59446734,
Q2409423,,,,,,https://en.wikipedia.org/wiki/The_Amazing_Rhythm_Aces,c0b6ccb6-fb87-4594-98fb-370120d2b6e8,
Q389870,,,,,,https://en.wikipedia.org/wiki/Lady_A,0eedfc95-e79a-4fd9-832a-cd816a0b3fda,Lady Antebellum
Q753598,,,,,,https://en.wikipedia.org/wiki/Rascal_Flatts,6e0ae159-8449-4262-bba5-18ec87fa529f,
Q929683,,,,,,https://en.wikipedia.org/wiki/Brooks_&_Dunn,f30118c5-f783-4969-8427-f3c096378267,Brooks and Dunn
Q139154,,,,,,https://en.wikipedia.org/wiki/Zac_Brown_Band,507226f4-0842-4f43-950e-81a7017230ec,
Q65049107,,,,,,https://en.wikipedia.org/wiki/Gone_West,ef9185ff-eff6-4d1a-bbd9-84fe20f1ef63,
Q3644642,,,,,,https://en.wikipedia.org/wiki/Florida_Georgia_Line,c16817df-0160-490d-a437-c128cbca9218,FGL
Q5584049,,,,,,https://en.wikipedia.org/wiki/Goose_Creek_Symphony,1785d680-3bc2-4967-b1ff-fa73e9bbf83f,
Q16159975,,,,,,https://en.wikipedia.org/wiki/American_Young,140e9563-f6ca-4545-8b6e-384eb6d3cef2,
Q117458025,,,,,,https://en.wikipedia.org/wiki/Griffen_Palmer,81551a7a-7cae-46ad-a785-3468f8f4eadc,
Q7139162,,,,,,https://en.wikipedia.org/wiki/Parmalee,66980f96-2716-48e6-88c2-cbbb81b8e888,
Q7355102,,,,,,https://en.wikipedia.org/wiki/Rocket_Club,bc48ca9d-b28d-4822-a27e-f176afd3b633,
Q7766441,,,,,,https://en.wikipedia.org/wiki/The_SteelDrivers,d2ccb26b-b3ef-4e12-a336-f07c1bfa00ef,
Q7737563,,,,,,https://en.wikipedia.org/wiki/The_Grascals,8fec36ae-abfa-4ab9-bd48-87f42203255b,
Q1157829,,,,,,https://en.wikipedia.org/wiki/Dale_and_Grace,1be3fa94-16a5-43bd-8371-3bdf042899f1,
Q809118,+1978-05-13T00:00:00Z,Las Vegas,United States,baseball player|singer-songwriter,,https://en.wikipedia.org/wiki/Barry_Zito,e63416b8-fd87-467a-9e41-c3a1ac30aa93,Barry William Zito
Q675389,+1924-03-28T00:00:00Z,,,musician|songwriter|singer,,https://en.wikipedia.org/wiki/Arlie_Duff,5d70af6e-22e4-4a12-a12b-5c71204a5480,
Q96532550,,,,,,https://en.wikipedia.org/wiki/The_War_and_Treaty,db15e7aa-7b0b-400a-b8e3-dcb17e646e4a,The War & Treaty|Trotter & Blount
Q16951039,,,,,,https://en.wikipedia.org/wiki/McGuffey_Lane,c0171478-1e95-4b19-98d6-b4cc6770365f,
Q1655684,,,,,,https://en.wikipedia.org/wiki/Ian_&_Sylvia,8e62c71f-7bd8-418f-8c63-a0b2597e23da,Ian and Sylvia
Q742028,,,,,,https://en.wikipedia.org/wiki/Lasse_Stefanz,433e715e-1eac-47e6-815f-93797cfab7aa,Lasse Stefans
Q1265027,,,,,,https://en.wikipedia.org/wiki/Spanky_and_Our_Gang,022ab2c8-39b6-4a1f-9f85-90206e91ca3c,
Q507327,,,,,,https://en.wikipedia.org/wiki/The_Allman_Brothers_Band,72359492-22be-4ed9-aaa0-efa434fb2b01,The Allman Brothers|Allman Brothers|Allman Brothers Band
Q24284087,+1956-00-00T00:00:00Z,,,,,https://en.wikipedia.org/wiki/Jimmie_Van_Zant,55b46f3f-cbad-4008-bd79-4c4971eb21b3,
Q2735603,,,,,,https://en.wikipedia.org/wiki/The_Downtown_Fiction,63e504fd-dda5-431f-a553-973b291e8191,
Q120986980,+1999-10-22T00:00:00Z,,,singer,,https://en.wikipedia.org/wiki/Warren_Zeiders,6d9e7506-8b53-4dd8-992a-512b18f3b6ba,
Q167408,,,,,,https://en.wikipedia.org/wiki/The_Statler_Brothers,8f0c7db9-6d1c-446b-913c-b5c6811ca6fc,The Statlers|Statler Brothers|Statler Bros.
Q7143495,+1972-04-05T00:00:00Z,San Antonio,United States,singer-songwriter|composer|singer,,https://en.wikipedia.org/wiki/Pat_Green,0b610792-6d9b-45a4-b5de-0304b4007c3f,Patrick Craven Green
Q888450,+1935-04-07T00:00:00Z,Ironton,United States,singer|singer-songwriter|musician|recording artist,,https://en.wikipedia.org/wiki/Bobby_Bare,b7798819-d9b2-442b-bd22-e55b40a1a69f,Robert Joseph Bare Sr.|Bobby Bare Sr.
Q971927,+1962-03-18T00:00:00Z,Fort Worth,United States,composer|singer|songwriter|singer-songwriter|guitarist|actor,,https://en.wikipedia.org/wiki/James_McMurtry,0d842c11-3f11-4dae-aa41-4e6e8beccc09,
Q7323397,+1983-08-06T00:00:00Z,,,singer-songwriter|singer,,https://en.wikipedia.org/wiki/Rich_O'Toole,0b02a625-4668-4f17-b005-a61ec4ddafc5,
Q7962267,+1979-12-27T00:00:00Z,Mobile,United States,singer-songwriter,,https://en.wikipedia.org/wiki/Walker_Hayes,e48d32dc-18ad-40df-854c-49ea4d12d809,Charles Edgar Walker Hayes
Q7619416,+1977-01-01T00:00:00Z,Taft,United States,singer|singer-songwriter,,https://en.wikipedia.org/wiki/Stoney_LaRue,e7f70247-bf9b-4bf2-96cc-433c6700ada0,
Q6681105,+1968-12-22T00:00:00Z,Stoughton,United States,singer-songwriter|singer|guitarist|recording artist,,https://en.wikipedia.org/wiki/Lori_McKenna,886557b3-2fa6-494e-993d-b955e789dc57,Lorraine McKenna
Q63341424,+1990-09-13T00:00:00Z,Philadelphia,United States,musician,,https://en.wikipedia.org/wiki/Hardy_(singer),f4fe9be1-8e34-47c8-bf16-33d1a94a235b,Michael Hardy
Q712353,+1929-08-12T00:00:00Z,Sherman,United States,country singer|singer-songwriter|guitarist|composer|recording artist,,https://en.wikipedia.org/wiki/Buck_Owens,13cb0fb4-7f7f-4116-a282-905c675c39ef,"Alvis Edgar ""Buck"" Owens, Jr.|Alvis E. Owens Jr.|Corky Jones"
Q704683,+1950-08-07T00:00:00Z,Houston,United States,singer-songwriter|musician|singer|guitarist|record producer,,https://en.wikipedia.org/wiki/Rodney_Crowell,a201fa9d-5896-423d-b629-327228c62a7c,
Q967817,+1962-01-13T00:00:00Z,Springhill,United States,actor|singer-songwriter|singer|television actor|film actor|voice actor,,https://en.wikipedia.org/wiki/Trace_Adkins,3dc9c919-508f-4255-b05e-0eed6a28137d,Tracy Darrell Adkins
Q50380305,+1992-00-00T00:00:00Z,Patoka,,singer,,https://en.wikipedia.org/wiki/Drew_Baldridge,,
Q7922204,+1941-06-08T00:00:00Z,Rogers,United States,singer-songwriter,,https://en.wikipedia.org/wiki/Vernon_Oxford,03fd931a-3f3a-40c4-893a-474701a1cc62,
Q6451343,+1986-01-01T00:00:00Z,,,singer-songwriter|singer,,https://en.wikipedia.org/wiki/Kyle_Park,696a8b26-bd65-4ccb-9352-66e4b57f2bba,
Q7296169,+1965-08-07T00:00:00Z,Miami,United States,singer-songwriter|singer|musician|composer|guitarist|record producer,,https://en.wikipedia.org/wiki/Raul_Malo,a9ab6062-6a41-4206-aaaa-09eee3ee9126,
Q128509249,+2000-00-00T00:00:00Z,Watkinsville,United States,singer,,https://en.wikipedia.org/wiki/Gavin_Adcock,,
Q7305115,+1938-12-22T00:00:00Z,Gainesville,United States,singer-songwriter|actor,,https://en.wikipedia.org/wiki/Red_Steagall,5d8a25ec-d792-48d4-906d-c255d0fb640c,"Russell Steagall|Russell ""Red"" Steagall"
Q861913,+1937-11-01T00:00:00Z,Columbia,United States,singer|singer-songwriter|songwriter,,https://en.wikipedia.org/wiki/Bill_Anderson,189ede50-9c85-48b8-bae2-cb44ccd5b5c9,James William Anderson III
Q910761,+1942-01-21T00:00:00Z,Lubbock,United States,musician|singer|actor|songwriter|stage actor|film actor,,https://en.wikipedia.org/wiki/Mac_Davis,79e92ede-a055-4736-916c-5f0c771f5922,Morris Mac Davis|Scott Mac Davis
Q863260,+1929-01-14T00:00:00Z,Texas,United States,singer|songwriter|recording artist|composer|lyricist,,https://en.wikipedia.org/wiki/Billy_Walker_(musician),044df3e9-9b40-450c-b347-9ef6c964b313,
Q712139,+1927-08-12T00:00:00Z,West Plains,United States,singer|singer-songwriter|country musician|bandleader|recording artist|actor,Porter Wagoner and Dolly Parton,https://en.wikipedia.org/wiki/Porter_Wagoner,942123a3-df28-463f-9f6e-202b69b8e253,
Q7819769,+1937-09-10T00:00:00Z,Oklahoma City,United States,musician|songwriter|singer-songwriter|recording artist,,https://en.wikipedia.org/wiki/Tommy_Overstreet,ec45b4bf-0f5c-41df-ab2b-5454bf292a10,Thomas Cary Overstreet
Q919565,+1925-09-26T00:00:00Z,Glendale,United States,singer-songwriter|composer|racing automobile driver|singer|musician,,https://en.wikipedia.org/wiki/Marty_Robbins,2c2add7c-9a99-4812-a20e-870d331f01fd,
Q706332,+1958-09-30T00:00:00Z,Philadelphia,United States,singer-songwriter|musician|singer|mandolinist,The Great Eighties Eight|Marty Stuart and His Fabulous Superlatives,https://en.wikipedia.org/wiki/Marty_Stuart,0ceb7e7d-3866-44aa-b8be-9a9f69004236,John Marty Stuart|Punch Brothers
Q7793491,+1990-03-30T00:00:00Z,Valdosta,United States,singer|singer-songwriter|musician,,https://en.wikipedia.org/wiki/Thomas_Rhett,bca8bfc0-9d5b-449b-b713-914596f88d56,"Thomas Rhett Akins, Jr."
Q7365855,+1953-06-01T00:00:00Z,Coleman,United States,singer-songwriter|singer,,https://en.wikipedia.org/wiki/Ronnie_Dunn,9b0636eb-1275-4370-94cc-6ac85d9fb5e8,Ronald Gene Dunn
Q6795262,+1966-12-27T00:00:00Z,,,singer-songwriter,,https://en.wikipedia.org/wiki/Max_Stalling,1f6b79ad-afab-4ef6-8706-5493411bd0c2,
Q777990,+1976-11-26T00:00:00Z,Rogers,United States,singer|songwriter,,https://en.wikipedia.org/wiki/Joe_Nichols,e45692e4-69f6-4493-888b-7ab89d21d0a4,Joseph Edward Nichols
Q81329978,+1996-12-15T00:00:00Z,,,singer,,https://en.wikipedia.org/wiki/Tyler_Booth,3f90559a-39c2-4abd-8bee-5ca288115f01,
Q7336357,+1981-08-19T00:00:00Z,Sewickley,United States,singer-songwriter|singer,,https://en.wikipedia.org/wiki/Rissi_Palmer,8d1c3d31-9c3d-409e-b504-f583f557cfe0,
Q888545,+1941-01-18T00:00:00Z,Marianna,United States,singer-songwriter|singer|guitarist|painter|television producer,,https://en.wikipedia.org/wiki/Bobby_Goldsboro,a85c70af-90e4-4a7c-83b1-e1bd567d7d2f,
Q7681571,+1972-01-30T00:00:00Z,Austinburg,United States,singer|songwriter,,https://en.wikipedia.org/wiki/Tammy_Cochran,66b26db6-77e6-4026-b2e7-abc7c25e27da,
Q783896,+1942-09-06T00:00:00Z,Checotah,United States,singer|singer-songwriter|recording artist,,https://en.wikipedia.org/wiki/Mel_McDaniel,92d1de38-3ccf-41b3-9e5e-85aee86b8c98,
Q7821930,+1943-02-07T00:00:00Z,Tampa,United States,songwriter,,https://en.wikipedia.org/wiki/Tony_Booth_(musician),488432b9-817f-4c57-88cc-c9077bc07686,
Q19880096,+1986-05-19T00:00:00Z,,,singer|songwriter,,https://en.wikipedia.org/wiki/William_Clark_Green,,
Q7488900,+1973-07-12T00:00:00Z,,,singer-songwriter|mandolinist,,https://en.wikipedia.org/wiki/Shannon_Lawson,4e2e3356-05f8-4750-a5fe-2131ca26df9b,Shannon Lee Lawson
Q721819,+1933-04-15T00:00:00Z,Meherrin,United States,singer|banjoist|musician|guitarist|songwriter|actor,,https://en.wikipedia.org/wiki/Roy_Clark,88f8eb8f-1da4-455b-8a7f-229e5c59ff52,Roy Linwood Clark
Q94831,+1976-06-18T00:00:00Z,Ada,United States,musician|singer|songwriter|guitarist,,https://en.wikipedia.org/wiki/Blake_Shelton,2ad66473-ccb3-41d2-8756-b56680cdfe62,Blake Tollison Shelton
Q952176,+1985-06-12T00:00:00Z,Murfreesboro,United States,singer-songwriter|musician|singer|composer|poet,,https://en.wikipedia.org/wiki/Chris_Young_(singer),86de027e-097d-41b1-9b97-c0a69379ff4b,"Christopher Alan ""Chris"" Young"
Q64736729,+1985-03-24T00:00:00Z,New York City,United States,rapper|singer|songwriter|record producer,,https://en.wikipedia.org/wiki/Blanco_Brown,46b04bfe-70da-428e-9b7d-1f444f3446a4,Bennie Amey III
Q7330536,+1962-02-06T00:00:00Z,Lubbock,United States,singer-songwriter|pianist,,https://en.wikipedia.org/wiki/Richie_McDonald,3574dd82-abf7-470c-a4b0-89d3cae9e43a,Richard Vance McDonald
Q966565,+1905-01-12T00:00:00Z,Murvaul,United States,singer|musician|television actor|songwriter|film actor|stage actor,,https://en.wikipedia.org/wiki/Tex_Ritter,f7c029f2-c082-4aaf-bfd2-d75e762b78a9,
Q711892,+1939-09-06T00:00:00Z,Akron,United States,singer-songwriter|musician|singer|actor,Outlaws Motorcycle Club,https://en.wikipedia.org/wiki/David_Allan_Coe,d6ad0ad1-2a7c-4d5f-8776-331a3732360c,
Q127387030,,,,singer-songwriter,,https://en.wikipedia.org/wiki/Annie_Bosko,,
Q7319131,+1947-08-23T00:00:00Z,Chicago,United States,singer|songwriter,,https://en.wikipedia.org/wiki/Rex_Allen_Jr.,0a2aec79-3cda-47bd-9732-14d887e60d26,
Q6768814,+1968-08-19T00:00:00Z,,,singer-songwriter|pianist,,https://en.wikipedia.org/wiki/Mark_McGuinn,adc422a4-d235-4d68-9e8a-ac7d33e033de,
Q881129,+1986-02-02T00:00:00Z,Tacoma,United States,singer-songwriter|musician|singer,,https://en.wikipedia.org/wiki/Blaine_Larsen,8255dcad-d889-4b33-8a9c-7419f9e88e54,
Q138680035,,,,,,https://en.wikipedia.org/wiki/Billy_Don_Burns,,
Q6418942,+1955-05-12T00:00:00Z,Shreveport,United States,singer|singer-songwriter|mandolinist|radio personality,,https://en.wikipedia.org/wiki/Kix_Brooks,01c7ee57-b782-43b2-8b1e-ec7f188f5cde,Leon Eric Brooks III
Q740729,+1944-03-07T00:00:00Z,Fort Worth,United States,singer-songwriter|singer|songwriter|guitarist|recording artist,,https://en.wikipedia.org/wiki/Townes_Van_Zandt,d67d1a21-6e45-4dd6-aef0-0191ba3796e0,
Q781634,+1955-01-17T00:00:00Z,Fort Monroe,United States,singer-songwriter|mandolinist|singer|actor|guitarist|peace activist|radio personality|record producer,Steve Earle & The Dukes,https://en.wikipedia.org/wiki/Steve_Earle,ec863030-7c13-45a3-a025-a69195d3a020,
Q924232,+1957-04-12T00:00:00Z,Norman,United States,singer-songwriter|country singer|musician|mandolinist|guitarist|multi-instrumentalist|voice actor|recording artist,The Time Jumpers|Grand Ole Opry|Pure Prairie League|The Notorious Cherry Bombs,https://en.wikipedia.org/wiki/Vince_Gill,ec37ecfe-65b4-49a4-83c7-ee1ccaeec2e3,Vincent Grant Gill|Vince Grant Gill
Q7704463,+1956-04-30T00:00:00Z,"Washington, D.C.",United States,singer-songwriter|singer,,https://en.wikipedia.org/wiki/Terry_Gregory,f232c5a1-2860-46bf-9a70-631fef88ff8a,Theresa Ann Gregory
Q8014428,+1939-01-12T00:00:00Z,Brewton,United States,musician|songwriter,,https://en.wikipedia.org/wiki/William_Lee_Golden,1264044c-dee6-47e1-bc17-6d7ef40f44bf,
Q7963883,+1955-11-12T00:00:00Z,Florence,United States,musician|songwriter|record producer,,https://en.wikipedia.org/wiki/Walt_Aldridge,dccef8ae-7782-4ca3-8f45-d3d209f1dcc9,
Q7182437,+1978-01-21T00:00:00Z,,,singer|songwriter,,https://en.wikipedia.org/wiki/Phil_Stacey,71bd60ed-c880-4550-a067-f23357867530,"Joel Philip ""Phil"" Stacey|Joel Philip Stacey"
Q7996683,+1984-08-03T00:00:00Z,Scotts Hill,United States,singer|songwriter|reality television participant,,https://en.wikipedia.org/wiki/Whitney_Duncan,7a8e43cd-6e97-4361-8736-ee255fd28654,
Q4963412,+1950-10-19T00:00:00Z,,,singer-songwriter,,https://en.wikipedia.org/wiki/Brian_Collins_(1970s_singer),,Brian Collins Band
Q7323352,+1970-02-09T00:00:00Z,,,singer-songwriter|singer,,https://en.wikipedia.org/wiki/Rich_McCready,58665991-d541-4117-bfd1-1926f9a7043a,
Q7332127,+1959-08-22T00:00:00Z,,,singer-songwriter,,https://en.wikipedia.org/wiki/Ricky_Lynn_Gregg,a23af58d-cc48-438b-8c0b-e8ee347bd5a7,
Q6812764,+1976-04-10T00:00:00Z,,,singer|songwriter,,https://en.wikipedia.org/wiki/Melissa_Lawson,3e863423-b92e-4096-b45e-e8757b7bfaa1,Melissa Ann Lawson
Q322275,+1925-12-03T00:00:00Z,Missouri,United States,musician|singer|songwriter,,https://en.wikipedia.org/wiki/Ferlin_Husky,254781a6-c690-4d0f-b01e-548d83a4f453,Terry Preston|Ferlin Eugene Husky
Q252589,+1929-10-04T00:00:00Z,Missouri,United States,musician|singer|songwriter|recording artist,,https://en.wikipedia.org/wiki/Leroy_Van_Dyke,9eed827f-ddf8-4d55-b83b-f8d6bbbca54d,Leroy Frank Van Dyke
Q18637628,+1991-10-02T00:00:00Z,Maryville,United States,singer|songwriter,,https://en.wikipedia.org/wiki/Jackie_Lee_(country_singer),,
Q2408290,+2000-01-01T00:00:00Z,,,singer-songwriter|singer,,https://en.wikipedia.org/wiki/Thad_Cockrell,61a43fdf-61fc-4676-85b1-17709a7882b8,
Q4685548,+1978-03-12T00:00:00Z,,,singer-songwriter,,https://en.wikipedia.org/wiki/Adrianna_Freeman,508a278f-8659-415b-a675-c5075244c830,
Q118727718,+1991-01-01T00:00:00Z,,,singer|songwriter,,https://en.wikipedia.org/wiki/Coleman_Williams,0e94571b-66f0-4443-90a2-e89b1f5e7dec,
Q119294575,+1995-07-03T00:00:00Z,Oklahoma,United States,singer-songwriter,,https://en.wikipedia.org/wiki/Kylie_Morgan,add67eec-6441-4400-aa38-05a94041828f,
Q121391237,+1992-06-30T00:00:00Z,United States,United States,singer|songwriter,,https://en.wikipedia.org/wiki/Oliver_Anthony,e0870836-d112-4851-92bd-570f2e1e62cb,Christopher Anthony Lunsford|Christopher Lunsford|Oliver Anthony Music
Q15059528,+1979-00-00T00:00:00Z,Mississippi,United States,singer-songwriter|singer,,https://en.wikipedia.org/wiki/John_Murry_(musician),a38eff48-19da-44cd-bb87-ed3861afd8d0,John Miller Murry
Q2035379,,,,singer-songwriter,,https://en.wikipedia.org/wiki/Bill_LaBounty,681a173a-a18a-42a6-8136-3c0ef3d88036,
Q323547,+1957-03-10T00:00:00Z,California,United States,musician|singer-songwriter,,https://en.wikipedia.org/wiki/Jim_White_(guitarist),e1f83b22-d40e-400a-8ebb-4e59b5b53d31,
Q37885320,,,,fiddler|singer|composer|musician,,https://en.wikipedia.org/wiki/Lillie_Mae,15d34dc5-12d2-475e-8244-cb3eb19fa805,Lillie Mae Rische
Q5047626,+1965-01-01T00:00:00Z,,,singer-songwriter|composer,,https://en.wikipedia.org/wiki/Cary_Hudson,b8be39a1-85a1-48ec-961d-188bfcd73097,
Q5058072,+1957-01-01T00:00:00Z,,,singer|songwriter,,https://en.wikipedia.org/wiki/Celinda_Pink,6728787e-8534-48f2-a8d1-70c59e8818da,Celinda Cosby
Q5209703,+1967-00-00T00:00:00Z,,,singer|songwriter,,https://en.wikipedia.org/wiki/Daisy_Dern,611a3e51-804e-4798-8971-6f45541c9d03,
Q1190454,,,,,,https://en.wikipedia.org/wiki/Montgomery_Gentry,d39f9276-32c1-4b84-9389-d77dbc3801ae,
Q121898080,+1997-04-10T00:00:00Z,,,country singer|rapper,,https://en.wikipedia.org/wiki/Jake_Hill_(musician),b7984d80-3e30-42d3-b34c-b6aeb258aa6c,ur pretty|iAmJakeHill|Dixon Dallas|Lil Tra$h|Lil Pinecone|Daniel Jacob Hill
Q15059517,+1979-08-22T00:00:00Z,,,singer-songwriter|singer,,https://en.wikipedia.org/wiki/Jennifer_Day_(singer),b69916ba-1213-4a44-a9c2-087c8e26f400,Jennifer Day Morrison
Q15059539,,,,,,https://en.wikipedia.org/wiki/Thrasher_Shiver,52b19859-74d8-4952-87eb-0d8351281df7,
Q15501574,+1911-01-01T00:00:00Z,,,singer|singer-songwriter|radio personality,,https://en.wikipedia.org/wiki/Cowboy_Slim_Rinehart,3f6e3fe2-6f82-4246-a02e-c8496d848537,
Q16106162,+1943-04-29T00:00:00Z,,,songwriter|musician,,https://en.wikipedia.org/wiki/Duane_Allen,1af9993d-7410-46ca-a94b-14c2994f285e,Duane David Allen
Q2136456,+1921-04-19T00:00:00Z,,,musician|singer,,https://en.wikipedia.org/wiki/Reece_Shipley,8e828427-ec30-4cac-a90f-e4a5701b71ab,Reece Dodson Shipley
Q2569670,+1953-01-01T00:00:00Z,,,banjoist|mandolinist|fiddler|songwriter,,https://en.wikipedia.org/wiki/Max_Johnston_(musician),339973c0-fc0d-4570-bf95-07082a9c7e88,
Q4051252,,,,,,https://en.wikipedia.org/wiki/The_Ranch_(band),3cfdd428-e5d0-408c-b8a7-5a149c89e6a9,
Q45203642,+1925-11-09T00:00:00Z,,,singer|radio personality,,https://en.wikipedia.org/wiki/Jack_Cardwell,e91cc3d2-640a-4529-8d4f-9bf14f1257ca,
Q4799725,+1904-08-28T00:00:00Z,,,songwriter,,https://en.wikipedia.org/wiki/Arthur_Miles_(country_singer),8124e55d-2d3f-4e72-8ca6-5a89d9aa2c25,
Q5180733,+1954-09-07T00:00:00Z,,,singer|singer-songwriter,,https://en.wikipedia.org/wiki/Craig_Bickhardt,b3a3fd76-20bb-4276-bd1a-e09c89116074,Craig William Bickhardt
Q5199913,+1976-10-19T00:00:00Z,,,singer-songwriter|singer,,https://en.wikipedia.org/wiki/Cyndi_Thomson,0aed69f3-585a-424b-ada2-df6b47137ea5,
Q5552802,+1948-01-01T00:00:00Z,,,songwriter|radio personality,,https://en.wikipedia.org/wiki/Gerry_House,088e9c9c-a431-460c-9ea4-539654ae0a51,
Q575242,+1915-08-05T00:00:00Z,,,musician|singer,,https://en.wikipedia.org/wiki/Jimmie_Selph,f8a57783-99ca-48f2-8937-86d7e9c81792,Jimmy Self|James Coin Self
Q612497,+1930-07-18T00:00:00Z,,,television presenter|musician|singer|songwriter,,https://en.wikipedia.org/wiki/Sammy_Masters,0ee34caa-31c3-4b34-9fa1-5efec8b5fefb,
Q6208483,+1965-06-13T00:00:00Z,,,singer|singer-songwriter,,https://en.wikipedia.org/wiki/Joe_Barnhill,24ff3a8a-df96-4d46-ac99-b3e989d3ae14,
Q100892241,+1999-05-14T00:00:00Z,,,basketball player,,https://en.wikipedia.org/wiki/Adrien_Nunez,,
Q104686847,+1989-01-01T00:00:00Z,,,singer-songwriter|singer,,https://en.wikipedia.org/wiki/Rachel_Reinert,,
Q105559742,,,,singer-songwriter|musician|singer,,https://en.wikipedia.org/wiki/Elvie_Shane,,
Q105642515,+1997-08-15T00:00:00Z,,,singer,,https://en.wikipedia.org/wiki/Reyna_Roberts,,
Q106581526,,,,singer-songwriter,,https://en.wikipedia.org/wiki/Andrew_Jannakos,,
Q107178131,+1997-07-18T00:00:00Z,,,singer|musician,,https://en.wikipedia.org/wiki/Chayce_Beckham,,
Q108027603,+1985-09-11T00:00:00Z,,,singer-songwriter|singer,,https://en.wikipedia.org/wiki/Kyle_Daniel,,
Q108815235,+1946-01-01T00:00:00Z,,,musician|singer-songwriter,,https://en.wikipedia.org/wiki/Loney_Hutchins,,Loney Fred Hutchins
Q109470620,+1988-01-01T00:00:00Z,,,singer-songwriter,,https://en.wikipedia.org/wiki/Adam_Sanders,,
Q113557287,+1948-03-19T00:00:00Z,,,singer|guitarist|singer-songwriter,,https://en.wikipedia.org/wiki/Daniel_Antopolsky,,
Q113710037,+1991-09-16T00:00:00Z,Arlington,United States,actor|singer-songwriter|film director|singer,,https://en.wikipedia.org/wiki/Lauren_Jenkins,,Lauren Elizabeth Jenkins
Q116192396,,,,musician|singer-songwriter|singer,,https://en.wikipedia.org/wiki/Shane_Profitt,,
Q117488160,,,,musician|singer-songwriter,,https://en.wikipedia.org/wiki/Kolby_Cooper,,
Q119268658,,,,singer,,https://en.wikipedia.org/wiki/Kimberly_Perry,,
Q121488389,+1932-03-10T00:00:00Z,,,guitarist|recording artist|musician,,https://en.wikipedia.org/wiki/Leon_Rhodes,,
Q124352194,+1993-05-06T00:00:00Z,,,singer-songwriter,,https://en.wikipedia.org/wiki/Ian_Munsick,,
Q124466956,+1996-11-03T00:00:00Z,"Washington, D.C.",United States,TikToker|singer,,https://en.wikipedia.org/wiki/Peyton_Parrish,,
Q124759768,,,,,,https://en.wikipedia.org/wiki/Dylan_Gossett,,
Q125765345,,,,recording artist|musician|singer-songwriter,,https://en.wikipedia.org/wiki/Chase_Matthew,,Chase Matthew McQuitty
Q128797556,,,,singer-songwriter,,https://en.wikipedia.org/wiki/Dylan_Marlowe,,
Q129162649,+2009-12-13T00:00:00Z,Hermitage,United States,singer,,https://en.wikipedia.org/wiki/Maddox_Batson,,William Maddox Batson
Q12988590,+1988-00-00T00:00:00Z,Jacksonville,United States,singer-songwriter|singer,,https://en.wikipedia.org/wiki/Lenny_Cooper,,
Q132718044,+1998-08-20T00:00:00Z,,,singer|singer-songwriter|recording artist,,https://en.wikipedia.org/wiki/Willow_Avalon,,
Q134248710,,Del Rio,,,,https://en.wikipedia.org/wiki/William_Beckmann,,William Beckmann Hyslop
Q134732437,+1988-08-01T00:00:00Z,,,recording artist|musician|singer-songwriter,,https://en.wikipedia.org/wiki/Ryan_Kinder,,
Q135068610,,Dripping Springs,United States,singer-songwriter,,https://en.wikipedia.org/wiki/Ty_Myers,,
Q135350379,+1941-06-21T00:00:00Z,,,singer-songwriter|musician,,https://en.wikipedia.org/wiki/Billy_Joe_Burnette,,
Q135967848,,,,,,https://en.wikipedia.org/wiki/Kimberly_Schlapman,,
Q136352160,+2006-10-16T00:00:00Z,,,singer-songwriter|singer,,https://en.wikipedia.org/wiki/Waylon_Wyatt,,
Q136376389,+1998-10-13T00:00:00Z,,,singer-songwriter,,https://en.wikipedia.org/wiki/Graham_Barham,,
Q136463017,+1976-08-23T00:00:00Z,,,musician|singer-songwriter|singer,,https://en.wikipedia.org/wiki/Jake_Gill,,
Q136813701,+2004-08-25T00:00:00Z,,,singer-songwriter,,https://en.wikipedia.org/wiki/Tyler_Nance,,
Q137039338,+2000-11-10T00:00:00Z,,,singer-songwriter,,https://en.wikipedia.org/wiki/Vincent_Mason_(singer),,
Q137116678,+1994-12-27T00:00:00Z,,,singer-songwriter|songwriter|musician,,https://en.wikipedia.org/wiki/Taylor_Grace,,
Q137292483,+1996-03-01T00:00:00Z,,,musician|guitarist|singer-songwriter|songwriter,,https://en.wikipedia.org/wiki/Jake_Worthington,,
Q15059527,+1934-02-08T00:00:00Z,,,singer-songwriter,,https://en.wikipedia.org/wiki/Jim_Mundy,,
Q15059532,+1973-00-00T00:00:00Z,Corpus Christi,United States,singer-songwriter,,https://en.wikipedia.org/wiki/Reno_Perez,,
Q1508151,+1901-01-01T00:00:00Z,Jefferson County,United States,musician,,https://en.wikipedia.org/wiki/George_Reneau,,George McKinley Reneau
Q16750456,,,,musician,Barry and Holly Tashian,https://en.wikipedia.org/wiki/Barry_Tashian,,
Q1689105,,,,,,https://en.wikipedia.org/wiki/Hager_Twins,,
Q18386256,+1934-09-22T00:00:00Z,,,singer-songwriter|singer,,https://en.wikipedia.org/wiki/June_Webb,,
Q19517625,,,,singer,,https://en.wikipedia.org/wiki/Bill_Potter_(musician),,Lewis William Potter
Q19665058,+1942-01-01T00:00:00Z,"Washington, D.C.",United States,writer,,https://en.wikipedia.org/wiki/W._C._Jameson,,William Carl Jameson
Q19957336,+1953-00-00T00:00:00Z,Minneapolis,United States,songwriter|musician,,https://en.wikipedia.org/wiki/Jeff_Dayton,,
Q20022499,+1968-10-15T00:00:00Z,,,songwriter|guitarist,,https://en.wikipedia.org/wiki/John_Sines_Jr.,,John Barry Sines Jr
Q20744476,+1985-08-26T00:00:00Z,,,singer|songwriter,,https://en.wikipedia.org/wiki/Brian_Kelley,,Brian Edward Kelley
Q21062528,+1954-01-05T00:00:00Z,Binger,,singer|songwriter,,https://en.wikipedia.org/wiki/Verlon_Thompson,,
Q22073708,+1965-01-01T00:00:00Z,,,songwriter,,https://en.wikipedia.org/wiki/Travis_Meadows,,
Q22338535,+1975-06-17T00:00:00Z,Houston,United States,songwriter,,https://en.wikipedia.org/wiki/Ronnie_Dean_Tinsley,,
Q22958774,+1939-05-13T00:00:00Z,,,songwriter|singer,,https://en.wikipedia.org/wiki/Mary_Jo_Chelette,,
Q23883936,+1947-07-11T00:00:00Z,,,singer|guitarist|songwriter,,https://en.wikipedia.org/wiki/Jeff_Hanna,,
Q24718678,+1909-09-12T00:00:00Z,,,singer,,https://en.wikipedia.org/wiki/Kenneth_Threadgill,,
Q29835033,+1940-07-19T00:00:00Z,,,singer,,https://en.wikipedia.org/wiki/Kenny_Vernon,,
Q30122415,+1988-01-01T00:00:00Z,,,singer,,https://en.wikipedia.org/wiki/Mike_Ryan_(musician),,
Q41187626,+1964-08-24T00:00:00Z,Walnut Cove,United States,singer|mandolinist,,https://en.wikipedia.org/wiki/Alan_Bibey,,
Q4757497,+1895-11-26T00:00:00Z,,,singer-songwriter|composer,,https://en.wikipedia.org/wiki/Andrew_Jenkins_(songwriter),,
Q4766931,+1993-06-02T00:00:00Z,,,singer|songwriter,,https://en.wikipedia.org/wiki/Anna_Craig,,Anna Elizabeth Craig Holan
Q4898862,+1933-06-17T00:00:00Z,,,singer-songwriter,,https://en.wikipedia.org/wiki/Betty_Jean_Robinson,,
Q4908433,+1926-07-08T00:00:00Z,,,songwriter,,https://en.wikipedia.org/wiki/Bill_Carson_(musician),,
Q4909648,+1930-12-22T00:00:00Z,,,songwriter,,https://en.wikipedia.org/wiki/Bill_Jorgenson,,
Q4979956,+1967-09-12T00:00:00Z,,,singer|singer-songwriter,,https://en.wikipedia.org/wiki/Bryan_Austin,,Bryan Cuevas|Bryan J. Cuevas
Q5043461,+1970-07-16T00:00:00Z,,,singer-songwriter,,https://en.wikipedia.org/wiki/Carmen_Espinoza-Rodriquez,,
Q5113680,+1976-04-09T00:00:00Z,,,singer-songwriter|singer,,https://en.wikipedia.org/wiki/Christy_Sutherland,,
Q5133938,+1974-08-24T00:00:00Z,,,songwriter,,https://en.wikipedia.org/wiki/Clint_Daniels,,Clint Allen Daniels
Q5149424,+1975-12-10T00:00:00Z,,,singer-songwriter|singer,,https://en.wikipedia.org/wiki/Colt_Prather,,
Q5170443,+1977-07-20T00:00:00Z,Jefferson,United States,singer|songwriter,,https://en.wikipedia.org/wiki/Corey_Smith_(musician),,
Q5180899,+1958-01-01T00:00:00Z,,,singer|songwriter,,https://en.wikipedia.org/wiki/Craig_Dillingham,,
Q5210546,+1936-12-18T00:00:00Z,,,singer-songwriter,,https://en.wikipedia.org/wiki/Dale_McBride,,
Q5321975,+1956-01-26T00:00:00Z,,,musician|songwriter,,https://en.wikipedia.org/wiki/E._J._Wells,,
Q5336240,+1956-07-31T00:00:00Z,,,singer|songwriter,,https://en.wikipedia.org/wiki/Eddie_London,,
Q56063707,,Muscle Shoals,,singer,,https://en.wikipedia.org/wiki/Rachel_Wammack,,
Q5622345,+1941-09-24T00:00:00Z,,,singer|jazz musician|songwriter,,https://en.wikipedia.org/wiki/Guy_Hovis,,
Q56824783,+1982-03-04T00:00:00Z,Long Beach,United States,singer,,https://en.wikipedia.org/wiki/Cheryl_Deserée,,
Q57584441,+1988-05-27T00:00:00Z,Columbus,United States,singer-songwriter,,https://en.wikipedia.org/wiki/Cale_Dodds,,
Q6106525,+1979-01-07T00:00:00Z,,,singer-songwriter,,https://en.wikipedia.org/wiki/J._Michael_Harter,,"James ""J."" Michael Harter|James Michael Harter"
Q6114808,+1935-11-30T00:00:00Z,,,singer-songwriter,,https://en.wikipedia.org/wiki/Jack_Reno,,
Q6146121,+1972-01-01T00:00:00Z,,,singer-songwriter|singer,,https://en.wikipedia.org/wiki/Jameson_Clark_(singer),,
Q6179480,+1973-01-01T00:00:00Z,,,singer|songwriter,,https://en.wikipedia.org/wiki/Jenny_Simpson_(singer),,
Q6183879,+1964-11-12T00:00:00Z,,,singer-songwriter,,https://en.wikipedia.org/wiki/Jerry_Kilgore_(singer),,
Q6261042,+1978-01-11T00:00:00Z,,,singer,,https://en.wikipedia.org/wiki/John_Torres,,
Q6263811,+1902-04-12T00:00:00Z,"Washington, D.C.",United States,musician|songwriter,,https://en.wikipedia.org/wiki/John_White_(singer),,John Irwin White|John I. White
Q633,+1945-11-12T00:00:00Z,Toronto,Canada,singer|singer-songwriter|film director|autobiographer|record producer|actor|pianist|film actor|guitarist|songwriter|director,"The Stills-Young Band|Crosby, Stills, Nash & Young|Buffalo Springfield|The Ducks",https://en.wikipedia.org/wiki/Neil_Young,75167b8b-44e4-407b-9d35-effe87b223cf,Neil Percival Young|Shakey|Godfather of Grunge|Neil Percival Kenneth Robert Ragland Young
Q6344597,+1950-04-27T00:00:00Z,Gilroy,United States,songwriter|singer,,https://en.wikipedia.org/wiki/Kacey_Jones,81b1ec30-599a-4ec8-b5b9-12e7575ed758,
Q6369533,+1954-04-29T00:00:00Z,Dallas,United States,singer|songwriter,,https://en.wikipedia.org/wiki/Karen_Brooks_(singer),a3988e27-1253-41c7-b13c-bf5252ba29a3,
Q6374151,+1988-06-24T00:00:00Z,Nacogdoches,United States,singer-songwriter|singer,,https://en.wikipedia.org/wiki/Kasey_Lansdale,,
Q6375409,+1961-10-31T00:00:00Z,,,singer|songwriter,,https://en.wikipedia.org/wiki/Kate_Campbell,ab923aac-b7e3-4eaa-a970-dcf898c95db2,Jamae Kathryn Campbell
Q6377390,+1991-06-23T00:00:00Z,Sugar Land,United States,singer|songwriter,,https://en.wikipedia.org/wiki/Katie_Armiger,7700b801-de15-4c91-a641-387839e371e2,Kaitlyn Michelle Armiger|Kaitlyn Armiger
Q6377927,+1983-12-12T00:00:00Z,Bray,United States,singer|songwriter,,https://en.wikipedia.org/wiki/Katrina_Elam,f43b7ed2-deca-44da-9fe3-154fa2d1b6e3,Katrina Ruth Elam
Q6383977,+1968-01-12T00:00:00Z,Miami,United States,singer-songwriter,,https://en.wikipedia.org/wiki/Keith_Anderson,b368842e-8fd6-4e95-98f3-aef293efd518,
Q6384390,+1971-05-26T00:00:00Z,,,singer-songwriter|composer|singer|songwriter,,https://en.wikipedia.org/wiki/Keith_Gattis,50288078-7d44-4bdd-b8b6-522adf9127aa,Quenton Keith Gattis
Q6384453,+1963-05-08T00:00:00Z,,,singer-songwriter,,https://en.wikipedia.org/wiki/Keith_Harling,5650be5e-a021-4646-b429-aa0d9f2865a2,
Q6384863,+1957-06-23T00:00:00Z,,,singer-songwriter|singer,,https://en.wikipedia.org/wiki/Keith_Palmer_(singer),a8a10c7e-1528-4a59-abfe-24a53b97a85a,Bryon Keith Palmer
Q6385065,+1955-11-01T00:00:00Z,Wichita Falls,United States,singer-songwriter|record producer,,https://en.wikipedia.org/wiki/Keith_Stegall,878bc82e-f61e-4650-b57a-d284700f362c,Robert Keith Stegall|R. Keith Stegall
Q6386078,+1965-01-11T00:00:00Z,,,singer|songwriter,,https://en.wikipedia.org/wiki/Kelly_Hogan,501f3068-9791-4b67-b36c-a37899905b5a,
Q6388927,+1988-12-28T00:00:00Z,Indianapolis,United States,singer-songwriter|singer,,https://en.wikipedia.org/wiki/Kendall_Phillips,,Kendall Nichole Phillips
Q6389216,+1965-00-00T00:00:00Z,Gainesville,United States,singer|songwriter,,https://en.wikipedia.org/wiki/Keni_Thomas,,Kenneth Mervyn Thomas
Q6390976,+1966-04-08T00:00:00Z,,,songwriter,,https://en.wikipedia.org/wiki/Kenny_Bishop,,
Q6391018,+1951-10-03T00:00:00Z,,,songwriter,,https://en.wikipedia.org/wiki/Kenny_Dale,d516e0da-85e1-47d4-a871-4850d98e86bb,Kenneth Dale Eoff
Q6391185,+1931-05-27T00:00:00Z,Florence,United States,singer|songwriter,,https://en.wikipedia.org/wiki/Kenny_Price,30d72af8-c802-4c47-aab9-e9f589f9b19c,James Kenneth Price
Q6391218,+1952-09-21T00:00:00Z,Topeka,United States,songwriter,,https://en.wikipedia.org/wiki/Kenny_Starr,,
Q6394541,+1974-09-10T00:00:00Z,,,singer-songwriter|singer,,https://en.wikipedia.org/wiki/Kerry_Kersh,ca75691e-1bfc-424c-8a73-5d3a4a00ce02,
Q6396139,+1978-01-27T00:00:00Z,,,songwriter,,https://en.wikipedia.org/wiki/Kevin_Denney,5431ab7a-9a73-43c8-858e-f58d3a32d8f7,
Q6397474,+1970-12-10T00:00:00Z,Redding,United States,motivational speaker|singer|songwriter,,https://en.wikipedia.org/wiki/Kevin_Sharp,36a16768-024a-4f81-96d4-222c454e0156,Kevin Grant Sharp
Q64009083,+2003-10-25T00:00:00Z,Grand Blanc,,singer,,https://en.wikipedia.org/wiki/Tegan_Marie,9c490ee1-27ff-4333-9c27-8b0470f9e132,
Q64011260,+1984-04-19T00:00:00Z,Center Ridge,,singer|basketball player,,https://en.wikipedia.org/wiki/Matt_Stell,ec266781-dd3d-42fd-9db0-b0a841fbaed0,Matthew Neal Stell
Q6409274,+1956-12-01T00:00:00Z,Zanesville,United States,singer-songwriter|singer,,https://en.wikipedia.org/wiki/Kim_Richey,27c5435a-d33d-4123-8a46-e9455ecda83a,"Kimberly ""Kim"" Richey|Kimberly Richey"
Q6410317,+1943-08-16T00:00:00Z,,,singer|songwriter,,https://en.wikipedia.org/wiki/Kin_Vassy,d7ea7b35-387b-4bfe-8ccd-8397feff1732,Charles Kindred Vassy
Q6414684,+1966-01-01T00:00:00Z,Nashville,United States,singer|songwriter,,https://en.wikipedia.org/wiki/Kippi_Brannon,2ed38423-86d6-4f95-96ec-0e9746f5fbde,
Q6437295,,,,singer|songwriter,,https://en.wikipedia.org/wiki/Kris_Tyler,38703ad7-1d44-4650-97a8-796f0204f976,
Q6437882,+1970-03-14T00:00:00Z,Knoxville,United States,singer|singer-songwriter|mandolinist,,https://en.wikipedia.org/wiki/Kristian_Bush,f9c9f944-e04c-499b-9c09-bf158b5d1acf,Kristian Merrill Bush
Q6460986,+1953-01-12T00:00:00Z,,,singer|songwriter,,https://en.wikipedia.org/wiki/LaWanda_Lindsey,,
Q6461980,+1951-12-12T00:00:00Z,Seminole,United States,singer-songwriter|singer,,https://en.wikipedia.org/wiki/La_Costa,8b2a98e1-7de1-492c-8fd6-6431e30ccdcb,LaCosta Tucker|La Costa Tucker
Q6468248,+1985-08-13T00:00:00Z,Amarillo,United States,violinist|songwriter|painter|singer,,https://en.wikipedia.org/wiki/Lacey_Brown,8c7d5a1b-1ab1-48ec-9b04-a18cffaf5ee6,Lacey Elizabeth Brown
Q64738467,+1993-01-01T00:00:00Z,Baton Rouge,United States,,,https://en.wikipedia.org/wiki/CJ_Solar,b719207a-dc82-40ab-bc8f-a91c1e225fdc,"CJ Solar|Solar Heat|Curtis Justin Solar, Jr."
Q6480895,+1938-09-30T00:00:00Z,,,singer-songwriter,,https://en.wikipedia.org/wiki/Lamar_Morris,56a2c736-3d4f-4247-ae22-0e6bcd1bfcfc,
Q6489980,+1956-06-07T00:00:00Z,,,singer-songwriter,,https://en.wikipedia.org/wiki/Larry_Boone,64474766-7d13-4d3e-97d0-11e9818e795d,Larry Eugene Boone
Q6490125,+1949-11-16T00:00:00Z,Kentucky,United States,singer-songwriter|actor,,https://en.wikipedia.org/wiki/Larry_Cordle,72681b90-031c-4122-9d49-994371ac80a8,
Q6490426,+1948-04-22T00:00:00Z,Dallas,United States,singer-songwriter|musician|singer|composer,,https://en.wikipedia.org/wiki/Larry_Groce,fc2cc2c2-d381-46dd-9154-a56ae6c17259,
Q6490954,+1950-07-18T00:00:00Z,Indianapolis,United States,songwriter,,https://en.wikipedia.org/wiki/Larry_Pierce_(singer),9ab91956-0059-4d25-821b-1cc340ed2ec1,
Q6491294,+1947-01-01T00:00:00Z,Sherman,United States,singer-songwriter|singer,,https://en.wikipedia.org/wiki/Larry_Willoughby,ef45f768-9015-487e-b986-0016a3015e6c,
Q649935,+1931-10-07T00:00:00Z,Decatur,United States,musician|fiddler|singer|songwriter,,https://en.wikipedia.org/wiki/Gordon_Terry,a3516f1e-4931-4288-9529-41cc2483a8f9,
Q6522780,+1890-04-27T00:00:00Z,,,songwriter,,https://en.wikipedia.org/wiki/Lennie_Aleshire,,Leonard Harrison Aleshire
Q6522943,+1942-08-16T00:00:00Z,,,singer|songwriter,,https://en.wikipedia.org/wiki/Lenny_Gault,,
Q6524488,+1936-05-18T00:00:00Z,,,singer|songwriter,,https://en.wikipedia.org/wiki/Leon_Ashley,fbdb33e0-63a3-4a1d-80d6-9205331e0600,Leon Walton
Q6524629,+1948-06-21T00:00:00Z,,,songwriter,,https://en.wikipedia.org/wiki/Leon_Everette,02a8fcfe-ac77-40ae-ad7e-9c766f516a4b,Leon Everette Baughman
Q6524781,+1917-01-03T00:00:00Z,Houston,United States,songwriter,,https://en.wikipedia.org/wiki/Leon_McAuliffe,25232eac-f104-49db-9dfe-3cc4c9777ccf,William Leon McAuliffe
Q6525019,+1943-01-07T00:00:00Z,,,singer|songwriter,,https://en.wikipedia.org/wiki/Leona_Williams,aaeac3ff-f977-40fe-9ba9-6a90b1b517d5,Leona Belle Helton
Q6529058,+1966-05-23T00:00:00Z,,,banjoist,,https://en.wikipedia.org/wiki/Leroy_Troy,723c38b4-96d9-48a7-b626-19415a6ab8a6,Troy Boswell
Q6530028,+1948-12-27T00:00:00Z,Oneida,United States,singer-songwriter|singer,,https://en.wikipedia.org/wiki/Les_Taylor_(singer),c4e21ecf-a2f0-4e0b-bb42-e9525baa9348,Leslie Christopher Taylor
Q6535964,+1938-03-12T00:00:00Z,Roanoke,United States,singer|songwriter,The Statler Brothers,https://en.wikipedia.org/wiki/Lew_DeWitt,cd0042be-7264-4e01-960b-943b4819f1e1,"Raymond Ramsey, Jr."
Q6547479,+1981-12-04T00:00:00Z,Puyallup,United States,singer|songwriter,,https://en.wikipedia.org/wiki/Lila_McCann,2c8be624-83bf-42b0-8149-147c8d8a4679,Lila Elaine McCann
Q6551798,+1941-06-04T00:00:00Z,Batesburg-Leesville,United States,singer,,https://en.wikipedia.org/wiki/Linda_Martell,86e8d0f5-68e8-4875-979a-c46205be3f66,
Q6552867,+1985-02-05T00:00:00Z,Hammond,United States,singer|fiddler|songwriter,,https://en.wikipedia.org/wiki/Lindsey_Cardinale,f7ab69f2-6bed-4751-8960-48315b9d9460,
Q65549956,+1940-01-01T00:00:00Z,,,singer,,https://en.wikipedia.org/wiki/Leroy_Pullins,8ea9fcf9-45b1-41c1-8e18-3fe0b015abe9,Carl Leroy Pullins
Q6555564,+1960-02-10T00:00:00Z,,,singer-songwriter,,https://en.wikipedia.org/wiki/Lionel_Cartwright,63c95eaf-9d41-44ad-bb0b-8ef8b0758a7e,Lionel Burke Cartwright
Q6558430,+1968-08-06T00:00:00Z,,,singer|songwriter,,https://en.wikipedia.org/wiki/Lisa_Stewart,1b3229b6-d979-4b81-b927-038de9d53094,
Q65615845,+1997-03-10T00:00:00Z,Southlake,United States,country singer|singer-songwriter|musician|songwriter|recording artist,,https://en.wikipedia.org/wiki/Abby_Anderson,2988bcc8-9f7a-4dc7-8b29-ae84ed38a103,
Q656169,+1976-12-07T00:00:00Z,Longview,United States,singer-songwriter|recording artist|singer,,https://en.wikipedia.org/wiki/Sunny_Sweeney,8582240e-2992-4d9f-aff8-ef03b5eeeedf,Sunny Michaela Sweeney
Q66085273,+1980-01-01T00:00:00Z,,,singer|rapper|songwriter|comedian,,https://en.wikipedia.org/wiki/Adam_Calhoun,,Adam Bradley Calhoun
Q6649736,+1945-05-18T00:00:00Z,Parsons,United States,singer|pianist|songwriter,,https://en.wikipedia.org/wiki/Little_David_Wilkins,86e12cea-7cc8-4dd0-9699-5c50223186b7,
Q6660289,+1957-09-06T00:00:00Z,Dallas,United States,songwriter|singer,,https://en.wikipedia.org/wiki/Liz_Rose,5cacf5c2-d21c-4103-8450-3900dd2c8f6c,Elizabeth Wagner
Q6660769,+1984-01-01T00:00:00Z,Lincolnton,United States,songwriter|singer,,https://en.wikipedia.org/wiki/Lizzy_Long,3178b0fa-bdca-46ad-9a3c-28416842b54c,Elizabeth Long
Q6662602,+1951-06-28T00:00:00Z,Lubbock,United States,banjoist|songwriter|guitarist|record producer|composer,,https://en.wikipedia.org/wiki/Lloyd_Maines,e77a88b2-e74d-4656-acb0-3b7ce14adea7,Lloyd Wayne Maines
Q6668280,+1942-05-15T00:00:00Z,Union County,United States,singer|songwriter,,https://en.wikipedia.org/wiki/Lois_Johnson,,Lois Eileen Johnson|Lois Marlene Johnson|Lois Johnson Scoggins
Q6671239,+1951-09-16T00:00:00Z,Dallas,United States,singer|singer-songwriter,,https://en.wikipedia.org/wiki/Vince_Bell,d8eed1e1-8f66-4a06-806a-8df98d595413,
Q6688838,+1954-07-13T00:00:00Z,Corpus Christi,United States,singer|songwriter,,https://en.wikipedia.org/wiki/Louise_Mandrell,49697484-415e-4dde-93e4-9ecea9eaed0a,Thelma Louise Mandrell
Q6702364,+1982-12-21T00:00:00Z,,,songwriter,,https://en.wikipedia.org/wiki/Luke_Stricklin,,
Q6707651,+1990-09-04T00:00:00Z,Coshocton,United States,singer-songwriter|composer,,https://en.wikipedia.org/wiki/Lydia_Loveless,c306218f-6818-40ce-97ce-7cadd3d5213f,
Q67171861,+1989-05-15T00:00:00Z,Wylie,United States,singer-songwriter|singer,,https://en.wikipedia.org/wiki/Kylie_Rae_Harris,b2268134-333c-41c7-9789-5c02c14f9248,
Q6722317,+1957-07-15T00:00:00Z,Red Bay,United States,singer-songwriter|singer|mandolinist|pianist|record producer,,https://en.wikipedia.org/wiki/Mac_McAnally,48e32ea6-e282-44ee-96a6-1ed5aeaa4023,
Q6730304,+1988-05-19T00:00:00Z,Potomac,United States,singer|songwriter,,https://en.wikipedia.org/wiki/Maggie_Rose,67270a0f-4a3c-471c-a728-67d65147b8ad,Margaret Durante|Maggie Rose Durante
Q6730308,+1995-01-05T00:00:00Z,Baltimore,United States,singer|songwriter,,https://en.wikipedia.org/wiki/Maggie_Sajak,,Maggie Marie Sajak
Q67399825,+1982-09-20T00:00:00Z,Tyler,United States,singer-songwriter,,https://en.wikipedia.org/wiki/Niko_Moon,39ad6072-5807-44d9-85f8-0a31bf9c3561,Nicholas Cowan
Q6744095,+1986-11-06T00:00:00Z,,,singer|songwriter,,https://en.wikipedia.org/wiki/Mallary_Hope,79887c09-b424-4076-92c5-bd390a3d4c85,Mallary Hope Whitener
Q6748278,+1975-09-28T00:00:00Z,Crossville,United States,singer|songwriter|stage actor|actor,,https://en.wikipedia.org/wiki/Mandy_Barnett,5c3961d3-90e1-432b-b550-214fa9ff875d,Amanda Carol Barnett
Q6755382,+1954-12-20T00:00:00Z,Champaign,United States,singer|singer-songwriter,,https://en.wikipedia.org/wiki/Marc_Beeson,508f1437-8688-4c0e-97bc-0f079362b0e3,
Q6756036,+1975-02-09T00:00:00Z,Grosse Pointe,United States,singer-songwriter|singer,,https://en.wikipedia.org/wiki/Marcel_(singer),596e4882-33d7-4f8f-b48e-7540b97dfe56,Marcel Francois Chagnon
Q6759636,+1940-00-00T00:00:00Z,,,singer-songwriter|singer,,https://en.wikipedia.org/wiki/Margaret_Lewis_(singer-songwriter),4f0791f2-30fd-4338-9f23-7fa72aeeb2b7,
Q6760373,+1941-03-18T00:00:00Z,,,singer|songwriter,,https://en.wikipedia.org/wiki/Margie_Bowes,0bc43661-e4aa-4b47-b7fa-c399597464b4,Margie Marie Bowes
Q6760386,+1935-10-05T00:00:00Z,Coushatta,United States,singer-songwriter|singer,,https://en.wikipedia.org/wiki/Margie_Singleton,b8bfdb41-1e0a-485a-8b75-142304ae8c96,Margaret Louis Ebey
Q6763580,+1954-05-04T00:00:00Z,Louisville,United States,singer|singer-songwriter,,https://en.wikipedia.org/wiki/Marilyn_Martin,29422aad-e8f2-48e7-b870-8b81331a42cd,
Q6765453,+1930-07-04T00:00:00Z,,,singer|songwriter,,https://en.wikipedia.org/wiki/Marion_Worth,92fc407f-cc3f-43a6-98ad-617d7139f54a,
Q6767805,+1952-10-24T00:00:00Z,Vicksburg,United States,singer|songwriter,,https://en.wikipedia.org/wiki/Mark_Gray_(singer),dff17610-b60d-4614-9008-dfc096540492,Mark Eugene Gray
Q6769064,+1961-08-05T00:00:00Z,Seattle,United States,composer|mandolinist|fiddler|jazz musician|guitarist|songwriter,Mark O'Connor's Hot Swing Trio|O'Connor Band|David Grisman Quintet|Dixie Dregs|Strength in Numbers,https://en.wikipedia.org/wiki/Mark_O'Connor,4c82141c-65e2-49aa-9660-c9df88309373,
Q6773406,+1964-10-22T00:00:00Z,,,singer|songwriter,,https://en.wikipedia.org/wiki/Marsha_Thornton,45ae6408-39ab-4ff3-a295-02eeed0bdcb0,
Q6773512,+1949-01-07T00:00:00Z,Spartanburg,United States,singer-songwriter|author|singer,,https://en.wikipedia.org/wiki/Marshall_Chapman,1fb1308f-274e-440e-b7eb-9a4c4bc6209b,
Q6776947,+1963-06-14T00:00:00Z,Austin,United States,songwriter,,https://en.wikipedia.org/wiki/Martin_Zellar,3993de71-aa4d-4b7b-8488-68b0186011d4,
Q6777531,+1959-12-08T00:00:00Z,Greenville,United States,singer-songwriter|guitarist,,https://en.wikipedia.org/wiki/Marty_Raybon,2cd9326a-b194-4db9-a836-70a1e0cdc3b4,Marlon Raybon
Q6780200,+1948-05-06T00:00:00Z,Saint Paul,United States,singer|songwriter,,https://en.wikipedia.org/wiki/Mary_MacGregor,31107661-e4b3-4202-a11e-561aca03e9d7,
Q6791151,+1978-09-16T00:00:00Z,,,singer|American football player|television presenter,,https://en.wikipedia.org/wiki/Matthew_Rogers,3960181f-ff25-476e-b572-87c93b66f55b,"Matt Rogers|Matthew ""Matt"" Rogers|Matthew Wyatt Rogers|Matthew Wyatt ""Matt"" Rogers"
Q6791179,+1971-11-07T00:00:00Z,Chester,United States,singer|singer-songwriter,,https://en.wikipedia.org/wiki/Matthew_Ryan_(musician),4a438422-be3a-4359-98de-4d1d62ae1860,
Q6794688,+1936-07-24T00:00:00Z,Hard Scratch,United States,songwriter,,https://en.wikipedia.org/wiki/Max_D._Barnes,56e50fdc-fdcc-4136-a6bd-c5419a4a95e7,Max Duane Barnes
Q6795293,+1962-10-25T00:00:00Z,,,record producer|songwriter,,https://en.wikipedia.org/wiki/Max_T._Barnes,2c9533ef-0af8-408b-ab19-5b8ee64b7946,
Q6795953,+1931-04-27T00:00:00Z,Campti,United States,country singer|songwriter|singer,The Browns,https://en.wikipedia.org/wiki/Maxine_Brown_(country_singer),3551c42e-d948-435b-8614-657a1420958b,Ella Maxine Brown|Ella Maxine Brown Russell
Q68042367,+1883-01-01T00:00:00Z,Waxahachie,,military personnel,,https://en.wikipedia.org/wiki/Jules_Verne_Allen,f5ba95cf-d61c-4e59-8846-5ee15a7ecfdc,
Q6808731,+1996-01-01T00:00:00Z,Portland,United States,singer-songwriter|singer,,https://en.wikipedia.org/wiki/Megan_Redmond,ebc5000b-eece-46cf-bbd1-369e5030af34,
Q6810857,+1933-10-21T00:00:00Z,,,singer|songwriter,,https://en.wikipedia.org/wiki/Mel_Street,ba4dd84a-5f2d-4831-a88c-bb70bb1fcdd7,
Q6813336,+1969-01-01T00:00:00Z,,,singer|songwriter,,https://en.wikipedia.org/wiki/Melodie_Crittenden,e5ae1a73-6057-4fb2-ac58-162768a08f04,
Q6833504,+1959-08-07T00:00:00Z,,,singer-songwriter|singer,,https://en.wikipedia.org/wiki/Michael_Peterson_(singer),dc3c48b1-017e-42c6-a392-45d6a32b5acf,Michael James Peterson
Q6837183,+1963-12-10T00:00:00Z,,,songwriter|singer-songwriter|singer,,https://en.wikipedia.org/wiki/Michelle_Nixon,dcaed054-137c-4540-9d3a-9adc7ee89066,
Q6848529,+1947-05-24T00:00:00Z,Altoona,United States,composer|singer-songwriter|songwriter|American football player,,https://en.wikipedia.org/wiki/Mike_Reid_(singer),1e6f887f-8f14-4116-9f70-605e3b0fe44d,"Michael Barry ""Mike"" Reid|Michael Reid|Mike Reid"
Q6850355,+1963-08-22T00:00:00Z,,,singer-songwriter|singer,,https://en.wikipedia.org/wiki/Mila_Mason,51147c2e-d654-4c11-a134-fe35b0104d63,
Q6881424,+1929-10-28T00:00:00Z,Houston,United States,singer|songwriter|musician,,https://en.wikipedia.org/wiki/Mitchell_Torok,43c86bfe-e3d2-427d-9efe-628b02bddb6a,Mitchell Joseph Torok
Q68866747,+1986-00-00T00:00:00Z,Tyler,United States,musician,,https://en.wikipedia.org/wiki/Paul_Cauthen,a8874f32-9068-476f-ba45-2681e17c53de,Sons of Fathers|Beck & Cauthen|Paul Mark Cauthen
Q6896651,+1923-07-09T00:00:00Z,Pike County,United States,singer-songwriter|banjoist|singer,,https://en.wikipedia.org/wiki/Molly_O'Day_(singer),fe66e257-b4bd-483e-b1b5-e4cef38d484f,
Q6907524,+1909-03-29T00:00:00Z,Polk County,United States,singer-songwriter|singer|session musician|recording artist,,https://en.wikipedia.org/wiki/Moon_Mullican,da009937-d372-4ba9-833f-02c89a9b1f1d,Aubrey Wilson Mullican|Morry Burns
Q6935850,+1952-10-13T00:00:00Z,Del Rio,United States,singer-songwriter|singer|songwriter,,https://en.wikipedia.org/wiki/Mundo_Earwood,826567a6-bfd6-4396-81ce-c56e7f0f58d3,Raymond Earwood
Q6984080,+1964-05-13T00:00:00Z,,,singer-songwriter,,https://en.wikipedia.org/wiki/Neal_Coty,89c0c004-ac63-4455-8095-797c78e8cc5d,Neal Lee Angleberger
Q7035251,+1969-01-03T00:00:00Z,La Mesa,United States,singer|songwriter,Highway 101,https://en.wikipedia.org/wiki/Nikki_Nelson,369b9193-2753-448a-bd06-dead4ddde495,
Q7045390,+1971-09-19T00:00:00Z,,,singer-songwriter|mandolinist,,https://en.wikipedia.org/wiki/Noah_Gordon_(singer),,Noah Adrian Gordon
Q7046978,+1963-09-04T00:00:00Z,,,singer|songwriter,,https://en.wikipedia.org/wiki/Noel_Haggard,45279a4f-6d0d-49ca-8bb3-90bf16262513,Noel Lee Haggard
Q704700,+1937-12-30T00:00:00Z,New York City,United States,singer-songwriter|musician|banjoist|fiddler|guitarist|singer|mandolinist,,https://en.wikipedia.org/wiki/John_Hartford,3178cc4c-cd9f-4842-96fb-28bf9cfec591,John Cowan Hartford|John C. Harford|John Harford
Q704781,+1883-04-06T00:00:00Z,Jefferson,United States,singer-songwriter|singer|opera singer,,https://en.wikipedia.org/wiki/Vernon_Dalhart,bcbbc073-dc37-43c1-8eb8-9ee2c40a0620,Fern Holmes|Jep Fuller|Herbert Vernon|Hugh Latimer|Wolfe Ballard|Shaw And Kerr|Mack Allen|Al Craver|Tobe Little|Harry Raymond|Marion Try Slaughter II
Q704809,+1913-10-20T00:00:00Z,Niagara,United States,banjoist|singer|songwriter,,https://en.wikipedia.org/wiki/Grandpa_Jones,8488e884-f8b9-4c31-a6ec-a92be00d450f,Louis Marshall Jones
Q704818,+1937-04-15T00:00:00Z,Nacogdoches,United States,musician|singer|songwriter,,https://en.wikipedia.org/wiki/Bob_Luman,7f052c8a-fa5f-47cc-8cd2-43a409fb97a3,Robert Glynn Luman
Q7053372,+1938-04-04T00:00:00Z,Scottsville,United States,composer|songwriter|singer-songwriter|record producer,,https://en.wikipedia.org/wiki/Norro_Wilson,d7fadb3b-9ad2-4b83-b5d4-76f04af4726f,"Norris ""Norro"" Denton Wilson|Norris Denton Wilson|Norris D. Wilson"
Q705743,+1956-05-28T00:00:00Z,Warren,United States,musician|singer|guitarist|songwriter,,https://en.wikipedia.org/wiki/Jerry_Douglas,f94a59be-8e2f-456b-9ccb-e742048c6654,Jerry Douglas band|Gerald Calvin Douglas
Q706417,+1920-12-19T00:00:00Z,Bolt,United States,musician|singer|songwriter,,https://en.wikipedia.org/wiki/Little_Jimmy_Dickens,bd7589a3-f82f-4c3d-b7e2-e57e89552da1,James Cecil Dickens|Jimmy Dickens
Q706422,+1925-09-03T00:00:00Z,Waco,United States,singer|singer-songwriter|bandleader|conductor|songwriter,Hank Thompson and The Brazos Valley Boys,https://en.wikipedia.org/wiki/Hank_Thompson_(musician),80f22a87-7a82-4aff-a60d-8ef0d025ce96,
Q706518,+1942-08-07T00:00:00Z,Hugo,United States,singer|autobiographer|film actor|songwriter|recording artist,,https://en.wikipedia.org/wiki/B._J._Thomas,42a19448-ff60-4fd2-9d10-959bf2000729,B.J. Thomas
Q707201,+1934-03-31T00:00:00Z,Durham,United States,singer|singer-songwriter|composer,,https://en.wikipedia.org/wiki/John_D._Loudermilk,e5fbd7a7-eaaa-49fa-8512-ac2d1b416011,Johnny Dee|John D. Loudermilk Jr.
Q7072090,+1940-04-25T00:00:00Z,,,singer-songwriter|singer,,https://en.wikipedia.org/wiki/O._B._McClinton,606c5e76-e02c-4b8d-8e6b-12384baa2c99,Osbie Burnette Mc Clinton|Oboe|Obie McClinton
Q709464,+1970-12-24T00:00:00Z,Louisville,United States,singer-songwriter|singer|actor|songwriter|guitarist|television actor,,https://en.wikipedia.org/wiki/Will_Oldham,eb51090c-662a-47a1-967c-c63292d9831a,"Bonnie ""Prince"" Billy|Bonnie Prince Billy|Bonnie 'Prince' Billy"
Q710282,+1939-01-24T00:00:00Z,Georgia,United States,singer-songwriter|singer|pianist|record producer,,https://en.wikipedia.org/wiki/Ray_Stevens,140220f3-95fe-417a-8b66-4102d2deacb9,Harold Ray Ragsdale
Q7114652,+1976-09-04T00:00:00Z,Kerrville,United States,singer-songwriter|singer,,https://en.wikipedia.org/wiki/Owen_Temple,00c6f03c-af87-4780-aaaf-c7022e03e4e7,
Q712359,+1936-01-02T00:00:00Z,Fort Worth,United States,singer|singer-songwriter|composer|lyricist|actor|recording artist,,https://en.wikipedia.org/wiki/Roger_Miller,102045e3-577c-4b10-b01b-424b7e461094,
Q712914,+1937-03-20T00:00:00Z,Atlanta,United States,singer|guitarist|composer|songwriter|actor|film actor|military personnel|military officer|television actor,,https://en.wikipedia.org/wiki/Jerry_Reed,44419ff2-0251-49ba-933b-b09733ff9adb,Jerry Hubbard|Jerry Reed Hubbard
Q713099,+1956-10-23T00:00:00Z,Pikeville,United States,actor|singer-songwriter|musician|singer|film actor|guitarist|television actor|screenwriter|film director,,https://en.wikipedia.org/wiki/Dwight_Yoakam,0fb711af-c7ba-4bdc-b0b6-b8495fc0a590,Dwight David Yoakam
Q71332470,,Spirit River,,musician,,https://en.wikipedia.org/wiki/Aaron_Goodvin,b4150760-0f68-4ab5-9dde-f5cded47e87a,
Q7143191,+1947-09-23T00:00:00Z,,,singer-songwriter,,https://en.wikipedia.org/wiki/Pat_Alger,4f165559-d9e9-47e7-abec-864946622718,
Q7148536,+1955-12-12T00:00:00Z,,,singer|songwriter,,https://en.wikipedia.org/wiki/Patti_Miner,,
Q7150001,+1938-08-12T00:00:00Z,Memphis,United States,singer-songwriter|composer,,https://en.wikipedia.org/wiki/Paul_Craft,b73c32c7-4114-4df6-8e08-6d430c4bb4de,Paul Charles Craft
Q7150165,+1948-04-21T00:00:00Z,Meridian,United States,singer-songwriter|singer|pianist,,https://en.wikipedia.org/wiki/Paul_Davis_(singer),589963d6-366e-4d55-adae-41621b74cece,Paul Lavon Davis
Q7151563,+1961-08-15T00:00:00Z,,,singer-songwriter|singer,,https://en.wikipedia.org/wiki/Paul_Jefferson,e6937c72-5efd-443e-bee2-a95485d1b9b4,
Q7154845,+1952-10-11T00:00:00Z,,,singer|songwriter,,https://en.wikipedia.org/wiki/Paulette_Carlson,6724c095-6e84-40e7-8217-8ed644efafe7,Paulette Tenae Carlson
Q7160682,+1942-07-12T00:00:00Z,Marlin,United States,singer|songwriter,,https://en.wikipedia.org/wiki/Peggy_Little,b3293490-2368-49b0-aa5c-71b545162bea,
Q7164366,+1948-05-17T00:00:00Z,Winchester,United States,singer|songwriter,,https://en.wikipedia.org/wiki/Penny_DeHaven,1f722f13-bd75-4f7d-8c25-6136750151aa,
Q7164393,+1925-06-12T00:00:00Z,Knoxville,United States,singer-songwriter|singer,,https://en.wikipedia.org/wiki/Penny_Jay,487c3f38-c274-48ad-b834-9bdcce915500,
Q71746387,+1991-09-21T00:00:00Z,Highlands Ranch,United States,singer-songwriter|country singer|recording artist|singer,,https://en.wikipedia.org/wiki/Ingrid_Andress,3ae306a3-b2a6-4969-b59f-89f0370549e5,Ingrid Elizabeth Andress
Q719681,+1952-08-20T00:00:00Z,Indianapolis,United States,singer|singer-songwriter|composer|guitarist|pianist|recording artist|painter|video artist|photographer|designer|musician,John Hiatt & The Guilty Dogs,https://en.wikipedia.org/wiki/John_Hiatt,e78202c9-7717-435c-9aac-dd5ebc4e64d5,John Hyatt|John R. Hyatt
Q720208,+1903-05-06T00:00:00Z,Taylorsville,United States,musician|yodeler|singer|guitarist|songwriter,,https://en.wikipedia.org/wiki/Cliff_Carlisle,c7323c9f-6b0e-4aa9-b32f-33e4a2ab4408,
Q726071,+1946-12-25T00:00:00Z,Pascagoula,United States,singer|writer|novelist|aircraft pilot|singer-songwriter|autobiographer|actor|children's writer|film producer|entrepreneur|recording artist|lyricist|composer,,https://en.wikipedia.org/wiki/Jimmy_Buffett,16fdd9af-467f-47ce-bd29-3413b445b90f,
Q7273319,+1945-05-02T00:00:00Z,,,singer-songwriter,,https://en.wikipedia.org/wiki/R.C._Bannon,,
Q7273423,+1957-06-17T00:00:00Z,,,singer-songwriter|guitarist,,https://en.wikipedia.org/wiki/R.W._Hampton,82c7b1af-6e35-4644-b617-cf90ec79b6c1,
Q7279472,+1988-01-07T00:00:00Z,Yuba City,United States,singer|songwriter,,https://en.wikipedia.org/wiki/Rachele_Lynae,f2c2bc82-4549-4656-a02e-487ff72c9756,Rachele Lynae Wurm-Creedon
Q7281901,+1994-05-04T00:00:00Z,Baytown,United States,singer|songwriter,,https://en.wikipedia.org/wiki/RaeLynn,1aa9959c-a1bf-4e3a-bd57-07baa15e3fa0,Racheal Woodward|Racheal Lynn Woodward|Rae Lynn
Q7287116,+1942-06-19T00:00:00Z,,,singer|jazz musician|songwriter,,https://en.wikipedia.org/wiki/Ralna_English,,Ralna Eve English
Q7287455,+1933-03-10T00:00:00Z,McEwen,United States,singer-songwriter|radio personality,,https://en.wikipedia.org/wiki/Ralph_Emery,0e2dc8fc-574a-44c1-8a36-e7ec4b6dab96,Walter Ralph Emery
Q7292072,+1943-03-29T00:00:00Z,Detroit,United States,songwriter,,https://en.wikipedia.org/wiki/Randy_Barlow,69dd98bf-51b2-4189-bdec-f7a7a7347912,
Q7292145,+1954-01-01T00:00:00Z,,,songwriter,,https://en.wikipedia.org/wiki/Randy_Cornor,92ee1ee6-7afd-4631-b6de-690678e85404,
Q7292151,+1952-04-01T00:00:00Z,,,singer-songwriter|songwriter|fiddler|jazz musician|singer|guitarist,,https://en.wikipedia.org/wiki/Randy_Crouch,603a9683-ac38-43ca-9003-985b21669871,
Q7292334,+1985-09-23T00:00:00Z,,,singer-songwriter|singer,,https://en.wikipedia.org/wiki/Randy_Montana,890770e6-42f3-49eb-bf61-74fdf043919d,Randy Schlappi
Q7292353,+1949-12-13T00:00:00Z,Fort Payne,United States,singer|radio personality|songwriter|musician|composer,Alabama,https://en.wikipedia.org/wiki/Randy_Owen,c8eea65c-8fc3-4302-a89b-ded5bb81893d,Randy Yeuell Owen
Q7292356,+1953-12-15T00:00:00Z,,,singer-songwriter|actor|businessperson,,https://en.wikipedia.org/wiki/Randy_Parton,da13926a-6dec-4499-883b-b97ba347d2de,
Q7292426,+1953-08-03T00:00:00Z,Nashville,United States,songwriter,,https://en.wikipedia.org/wiki/Randy_Scruggs,2913c4c7-cc3a-413c-a0ad-021ca725274d,Randy Lynn Scruggs
Q729697,+1914-01-27T00:00:00Z,Texas,United States,street artist|musician|songwriter,,https://en.wikipedia.org/wiki/Smokey_Hogg,dc55afd6-edae-4e5c-80ea-e269011c14e9,"Andrew ""Smokey"" Hogg"
Q7297696,+1954-05-13T00:00:00Z,,,singer-songwriter|singer|record producer,,https://en.wikipedia.org/wiki/Ray_Kennedy_(country_singer),8b063118-b19a-4781-a9e3-5da4a49ae522,
Q7297957,+1937-07-04T00:00:00Z,,,singer|songwriter,,https://en.wikipedia.org/wiki/Ray_Pillow,46f3193e-5ce4-4faa-b12c-09608d38d928,
Q7298062,+1935-10-01T00:00:00Z,Saint Johns,United States,singer|songwriter,,https://en.wikipedia.org/wiki/Ray_Sanders_(singer),,Raymon Sanders
Q7298284,+1901-12-05T00:00:00Z,Atlanta,United States,singer|actor|songwriter,,https://en.wikipedia.org/wiki/Ray_Whitley_(singer-songwriter),,Raymond Otis Whitley
Q7303630,+1930-02-12T00:00:00Z,,,singer,,https://en.wikipedia.org/wiki/Red_Allen_(bluegrass),a8a22048-742d-4e00-8162-51754a8a7c59,Harley Allen
Q7305594,+1923-05-27T00:00:00Z,Ashland City,United States,singer-songwriter|recording artist,,https://en.wikipedia.org/wiki/Redd_Stewart,91656e88-37a0-4a37-a94a-702792ee08cf,Henry Ellis Stewart
Q7320514,+1977-02-21T00:00:00Z,Greensboro,United States,singer|banjoist|composer|violinist|librettist,The Carolina Chocolate Drops|Our Native Daughters|American Academy of Arts and Sciences,https://en.wikipedia.org/wiki/Rhiannon_Giddens,3f7574d9-94f3-46dc-8228-9d7358019d9f,
Q7325227,+1942-03-19T00:00:00Z,Tyler,United States,singer-songwriter|composer,,https://en.wikipedia.org/wiki/Richard_Dobson,c1ff6758-acdf-48b5-a6bd-0339c2d36e0c,Richard James Joseph Dobson II
Q7325593,+1947-04-24T00:00:00Z,,,songwriter,,https://en.wikipedia.org/wiki/Richard_Fagan,758e8c28-3f08-4982-83af-5a5c7ba8358d,
Q7329244,+1943-04-24T00:00:00Z,Camden,United States,singer|songwriter,,https://en.wikipedia.org/wiki/Richard_Sterban,849ea46d-bbb3-4a87-a07a-364db0abddf4,Richard Anthony Sterban
Q7340891,+1963-03-25T00:00:00Z,York,United States,singer-songwriter|singer,,https://en.wikipedia.org/wiki/Robbie_Fulks,217f526c-f353-4d8b-8ba7-67fe0407f489,Robert Fulks
Q7344036,+1988-11-06T00:00:00Z,Lake Jackson,United States,songwriter|guitarist|singer|singer-songwriter,,https://en.wikipedia.org/wiki/Robert_Ellis_(singer-songwriter),4f9e220f-a0c7-4b26-be35-70d88b3d0ca0,
Q7352615,+1963-11-07T00:00:00Z,Nashville,United States,singer-songwriter|singer,,https://en.wikipedia.org/wiki/Robin_Lee_(singer),281478c9-a543-4e25-a22e-fa54bac3e880,
Q7355299,+1964-11-14T00:00:00Z,Statesville,United States,songwriter,,https://en.wikipedia.org/wiki/Rockie_Lynne,23490e31-cf4e-4541-a346-b7d2badfea5f,Rockie Lynn Rash
Q7356117,+1940-08-12T00:00:00Z,Opelousas,United States,singer|singer-songwriter,,https://en.wikipedia.org/wiki/Rod_Bernard,54f2ee7c-7f19-4d69-8577-1d61637eafbe,
Q7358043,+1971-07-25T00:00:00Z,Corpus Christi,United States,singer-songwriter|singer|pianist,,https://en.wikipedia.org/wiki/Roger_Creager,2348dbca-59ea-4360-8e93-dbc24fdf071c,
Q7363537,+1964-07-30T00:00:00Z,Inglewood,United States,singer-songwriter|banjoist,,https://en.wikipedia.org/wiki/Ron_Block,2146d427-a530-446b-8bf9-ba5623cbda1c,Ronald Franklin Block
Q7365747,+1966-09-21T00:00:00Z,,,singer|songwriter,,https://en.wikipedia.org/wiki/Ronna_Reeves,969ff889-8123-456f-a462-b66e47165197,Ronna Renee Reeves
Q7365984,+1948-12-07T00:00:00Z,,,singer-songwriter,,https://en.wikipedia.org/wiki/Ronnie_Sessions,85d97a82-b696-4d8e-96af-b26bbe371c0d,
Q7366902,+1965-04-25T00:00:00Z,Atchison,United States,singer-songwriter|film director,,https://en.wikipedia.org/wiki/Rory_Feek,109f166e-bffc-43b9-8220-af599218b30c,Rory Lee Feek
Q7367846,+1922-04-19T00:00:00Z,Oneida,United States,songwriter|singer,,https://en.wikipedia.org/wiki/Rose_Marie_McCoy,aae5ab53-d071-46d8-982c-54bd912761bd,Rose Marie Hinton|Rosemarie McCoy
Q7368890,+1950-09-10T00:00:00Z,San Antonio,United States,singer-songwriter|composer|recording artist|singer,,https://en.wikipedia.org/wiki/Rosie_Flores,648ceff4-65f6-4f77-9976-889d04d2f617,
Q7372440,+1974-03-23T00:00:00Z,,,singer-songwriter|singer,,https://en.wikipedia.org/wiki/Roxie_Dean,97457214-bf74-4b97-bd18-c84c342cc97c,
Q7372921,+1941-01-09T00:00:00Z,Three Rivers,United States,singer-songwriter,,https://en.wikipedia.org/wiki/Roy_Head,5a90e775-0cbc-41e9-9987-496f3de44b84,Roy Kent Head
Q7372929,+1953-07-31T00:00:00Z,,,singer-songwriter|composer|songwriter,,https://en.wikipedia.org/wiki/Roy_Heinrich,,
Q7372959,+1919-12-24T00:00:00Z,Flippin,United States,singer|songwriter,,https://en.wikipedia.org/wiki/Roy_Hogsed,06a8d94f-84fb-4169-910e-15eaf41f02dd,Roy Clifton Hogsed
Q7374985,+1951-03-04T00:00:00Z,Chester,United States,singer-songwriter|singer,,https://en.wikipedia.org/wiki/Royal_Wade_Kimes,,
Q7376347,+1967-02-16T00:00:00Z,Laurel,United States,singer-songwriter|singer,,https://en.wikipedia.org/wiki/Ruby_Lovett,cf7173b0-aafa-401d-8b10-6f67d39afd6a,
Q7376409,+1939-10-27T00:00:00Z,Nashville,United States,singer-songwriter|singer,,https://en.wikipedia.org/wiki/Ruby_Wright_(country_singer),8dc261f0-300c-4953-82df-e32028c8ab9e,Ruby Wells|Ruby Taylor|Ruby Wright Wells|Ruby Wells Taylor
Q7381784,+1949-06-17T00:00:00Z,Nashville,United States,singer-songwriter|singer,,https://en.wikipedia.org/wiki/Russell_Smith_(singer),993f8406-29a6-4210-91fe-02c0066e6089,Howard Russell Smith
Q7382663,+1935-05-24T00:00:00Z,Harlan,United States,banjoist|songwriter,,https://en.wikipedia.org/wiki/Rusty_York,3e57fee0-275d-455d-9144-ce2c870b658a,
Q7384604,+1973-10-06T00:00:00Z,,,singer-songwriter|singer,,https://en.wikipedia.org/wiki/Ryan_Tyler,fbeb3a2a-c5b5-4802-bdd8-d3914333aefd,Ryan McPherson Rygmyr
Q73891,+1921-08-17T00:00:00Z,Cleburne County,United States,radio personality|songwriter|singer,,https://en.wikipedia.org/wiki/Wayne_Raney,be79b7be-151c-4247-a05e-2b84bdc20467,
Q739610,+1949-10-07T00:00:00Z,Queens,United States,singer-songwriter|musician,,https://en.wikipedia.org/wiki/Kieran_Kane,c25dfbdb-975e-4076-aafc-ba834f2ffb9a,
Q741540,+1932-02-25T00:00:00Z,Shreveport,United States,musician|singer|singer-songwriter|recording artist,,https://en.wikipedia.org/wiki/Faron_Young,5799b78e-a103-427b-8a1d-0bfeaddbb0c0,
Q741600,+1972-12-12T00:00:00Z,Nashville,United States,musician|singer|guitarist|songwriter|singer-songwriter,Arson Anthem,https://en.wikipedia.org/wiki/Hank_Williams_III,1b764e7a-ded1-42bc-8c85-85703b6d72a5,Hank3|Shelton Hank Williams
Q7422235,+1982-10-04T00:00:00Z,Des Moines,United States,singer-songwriter|singer,,https://en.wikipedia.org/wiki/Sarah_Darling,3dff0280-a424-4374-9c18-c38cf0205a8a,
Q7422453,+1991-05-23T00:00:00Z,Austin,United States,singer|mandolinist|composer|songwriter|singer-songwriter,,https://en.wikipedia.org/wiki/Sarah_Jarosz,6c44e99b-3450-45b7-b240-6e7026d0bcff,Sarah Ellen Jarosz
Q7436850,+1960-01-27T00:00:00Z,,,singer-songwriter|singer,,https://en.wikipedia.org/wiki/Scott_McQuaig,,
Q7436874,+1968-05-20T00:00:00Z,Swoope,United States,singer-songwriter,,https://en.wikipedia.org/wiki/Scott_Miller_(country_musician),11123e4f-229d-4457-bb6e-5f12b83abf25,Allen Scott Miller
Q7438224,+1973-07-11T00:00:00Z,Hollywood,United States,singer-songwriter|singer,,https://en.wikipedia.org/wiki/Scotty_Emerick,75dbd6b9-364a-40ff-8a03-d40e3d5438b6,Walter Scott Emerick
Q744337,+1913-07-15T00:00:00Z,Adams County,United States,musician|singer|songwriter,,https://en.wikipedia.org/wiki/Cowboy_Copas,dde0c16b-4697-4109-b58c-d8eb2c657f5d,Lloyd Estel Copas
Q745896,+1945-05-06T00:00:00Z,Amarillo,United States,musician|singer|songwriter|record producer|actor|recording artist,The Flatlanders,https://en.wikipedia.org/wiki/Jimmie_Dale_Gilmore,631b4595-2539-43cb-b3f5-57794ed2aff2,Jimmie Gilmore
Q7487851,+1972-05-08T00:00:00Z,Park Ridge,United States,singer|songwriter,,https://en.wikipedia.org/wiki/Shana_(singer),8f8ef6ba-1cc9-43ec-9aac-d957d5a9f343,Shana Petrone
Q7488156,+1974-10-12T00:00:00Z,Mineral Wells,United States,singer|singer-songwriter|musician|record producer,,https://en.wikipedia.org/wiki/Shane_McAnally,5d2b0b75-af82-43f9-a2c7-861c805625c3,
Q7488176,+1968-05-03T00:00:00Z,,,singer-songwriter,,https://en.wikipedia.org/wiki/Shane_Minor,05415ca9-43de-4c71-9d14-a993f8cc0542,Shane Allen Minor
Q7488285,+1974-03-18T00:00:00Z,,,singer-songwriter|singer,,https://en.wikipedia.org/wiki/Shane_Stockton,4498d4ae-f280-46d4-a35f-6456a80f5a7e,Kelly Shane Brooks
Q7493380,+1990-10-25T00:00:00Z,,,singer-songwriter|songwriter|singer,,https://en.wikipedia.org/wiki/Shelby_Dressel,,Shelby Kathleen Dressel
Q7493897,+1977-08-23T00:00:00Z,,,singer-songwriter|singer,,https://en.wikipedia.org/wiki/Shelly_Fairchild,a955fe07-6e40-401c-a51f-5ac56a0c6dac,
Q7562121,+1941-04-02T00:00:00Z,,,country singer|songwriter,,https://en.wikipedia.org/wiki/Sonny_Throckmorton,1a7ecc72-212e-4d53-9d2b-e4a34a32ff7c,"James Fron ""Sonny"" Throckmorton"
Q7575720,+1922-05-16T00:00:00Z,,,radio personality|songwriter,,https://en.wikipedia.org/wiki/Speedy_Haworth,,
Q7595831,+1960-01-01T00:00:00Z,Lake Charles,United States,singer-songwriter|composer|singer,,https://en.wikipedia.org/wiki/Stacey_Earle,5689e8da-12c8-456e-a4e5-793783a64d90,
Q7596018,+1967-07-27T00:00:00Z,,,singer-songwriter,,https://en.wikipedia.org/wiki/Stacy_Dean_Campbell,cf1ecdaa-22b2-4228-b79a-7ad923dfbe21,
Q7608232,+1963-04-29T00:00:00Z,Thomasville,United States,singer-songwriter|singer,,https://en.wikipedia.org/wiki/Stephanie_Bentley,c83478c0-71fc-40c4-a0d9-332b7fe911e3,Stephanie Kay Bentley
Q7608913,+1979-09-17T00:00:00Z,,,singer-songwriter|singer,,https://en.wikipedia.org/wiki/Stephen_Cochran,44c147ee-ce99-41f6-837b-7bb16d693c3c,
Q7612879,+1972-02-23T00:00:00Z,,,singer|singer-songwriter,,https://en.wikipedia.org/wiki/Steve_Holy,75e5143e-45dd-40e8-817c-cd89d20bf6a5,Stephen Kyle Holy
Q7613062,+1961-11-15T00:00:00Z,,,singer-songwriter,,https://en.wikipedia.org/wiki/Steve_Kolander,3be2d963-3e2f-4c15-bd03-1b325083557d,
Q7614197,,Los Angeles,United States,singer-songwriter|composer,,https://en.wikipedia.org/wiki/Steve_Vaus,,
Q7614723,+1945-06-08T00:00:00Z,Temple,United States,songwriter,,https://en.wikipedia.org/wiki/Steven_Fromholz,816f7740-c1ce-4e10-95ca-22e157a8f905,Steven John Fromholz
Q7615377,+1954-02-24T00:00:00Z,,,singer|songwriter,,https://en.wikipedia.org/wiki/Steven_Wayne_Horton,e8f6ea5e-3eaf-46fa-b975-379975c38899,
Q7619400,+1918-10-16T00:00:00Z,Harman,United States,fiddler|songwriter,,https://en.wikipedia.org/wiki/Stoney_Cooper,2e5f3206-717a-44fb-83f4-15d0b1e46a9b,Dale Troy Cooper
Q7647520,+1967-07-17T00:00:00Z,Irving,United States,singer-songwriter|singer,,https://en.wikipedia.org/wiki/Susan_Ashton,5e46c0d2-15af-4026-abb9-0c33887933bb,
Q7647939,+1972-06-13T00:00:00Z,,,singer-songwriter|singer,,https://en.wikipedia.org/wiki/Susan_Haynes,,
Q766374,+1956-03-17T00:00:00Z,Michigan City,United States,singer|songwriter,,https://en.wikipedia.org/wiki/Pebe_Sebert,bebc0296-ce03-4efc-b027-b6e920df3f57,
Q7668276,+1954-10-30T00:00:00Z,Arabi,United States,singer|singer-songwriter|recording artist,,https://en.wikipedia.org/wiki/T._Graham_Brown,2abc190d-050b-4fcf-a0ea-da624f34285e,Anthony Graham Brown|Anthony Brown|Tony Brown|Tony Graham Brown
Q7668758,+1916-06-20T00:00:00Z,Mena,United States,songwriter,,https://en.wikipedia.org/wiki/T._Texas_Tyler,82e6d25b-d3cf-4ae8-987d-b1b7696a5648,
Q766930,+1935-01-10T00:00:00Z,Huntsville,United States,songwriter|singer|actor,,https://en.wikipedia.org/wiki/Ronnie_Hawkins,8a701db6-1180-4bfb-bd69-417614406212,Ronald Hawkins
Q7694189,,,,singer|songwriter,,https://en.wikipedia.org/wiki/Teea_Goans,28153863-c1e0-4cbf-a362-e27853b0b2c1,
Q7703594,+1956-07-02T00:00:00Z,Jeffersonville,United States,singer|songwriter,,https://en.wikipedia.org/wiki/Terri_Hollowell,,
Q7703630,+1950-03-24T00:00:00Z,,,singer|songwriter,,https://en.wikipedia.org/wiki/Terri_Sharp,6d5165d9-18fc-4055-bf79-fcc07dcd8fe5,
Q7704762,+1958-09-16T00:00:00Z,Austin,United States,singer-songwriter|singer,,https://en.wikipedia.org/wiki/Terry_McBride_(musician),e37f5406-4d5b-473b-bd05-bd685c70b09b,
Q777177,+1948-03-29T00:00:00Z,Fort Worth,United States,musician|songwriter,,https://en.wikipedia.org/wiki/Johnny_Dowd,5852ea02-04f4-49a9-ab8a-40555ac4c1d5,
Q77776425,+2002-11-26T00:00:00Z,Atlanta,United States,singer|singer-songwriter,,https://en.wikipedia.org/wiki/Baylee_Littrell,dbf54cf1-b4c6-4051-b7a8-1c4ccf4af78f,Baylee Thomas Wylee Littrell
Q7786713,+1948-02-23T00:00:00Z,Southern California,United States,singer|songwriter,,https://en.wikipedia.org/wiki/Thom_Bresh,c3a3a834-9f6f-4f8f-aff6-7787826a465a,Thomas Charles Bresh|Tom Bresh
Q77999394,+1988-04-15T00:00:00Z,Hattiesburg,United States,singer|baseball player,,https://en.wikipedia.org/wiki/Adam_Doleac,d37157cd-092c-43fc-99ef-c7ddfa72afba,
Q7803969,+1959-08-25T00:00:00Z,Mechanicsville,United States,singer-songwriter,,https://en.wikipedia.org/wiki/Tim_Menzies,72a18af6-11ac-478c-ae5f-9ff22c4197d7,Tim Menzies|Timothy Ray Menzies|Timothy Menzies|Timothy Mensy
Q7804202,+1966-10-06T00:00:00Z,,,singer-songwriter,,https://en.wikipedia.org/wiki/Tim_Rushlow,30c01706-b4ae-4fe0-9d38-1f54f01e6c36,Timothy Ray Rushlow
Q7804214,+1964-02-04T00:00:00Z,,,singer-songwriter|singer,,https://en.wikipedia.org/wiki/Tim_Ryan_Rouillier,6aa6a1b4-b0cd-402e-92d4-857e8c5abf8c,Tim Ryan Rouillier
Q7804324,+1908-07-13T00:00:00Z,Webb City,United States,actor|singer-songwriter,,https://en.wikipedia.org/wiki/Tim_Spencer_(singer),,Vernon Harold Timothy Spencer
Q7804503,+1961-08-05T00:00:00Z,Columbus,United States,singer-songwriter|comedian|guitarist,,https://en.wikipedia.org/wiki/Tim_Wilson_(comedian),e29641cc-3658-4886-89d7-3a146d2d3d75,Timothy Collins Wilson
Q780720,+1927-08-27T00:00:00Z,Mamou,United States,singer|musician|guitarist|songwriter,,https://en.wikipedia.org/wiki/Jimmy_C._Newman,a168d944-aca0-4b4a-a366-6c19cdce6512,Jimmy Yves Newman
Q7812645,+1966-10-11T00:00:00Z,Portland,United States,singer|singer-songwriter,,https://en.wikipedia.org/wiki/Todd_Snider,25c13ec7-fad4-4da4-8d98-9607ff615d68,Todd Daniel Snider
Q7816061,+1960-12-20T00:00:00Z,Buffalo,United States,songwriter|record producer,,https://en.wikipedia.org/wiki/Tom_Hambridge,1bff5c7b-969e-4e58-833c-a93fb06093a6,Thomas Jay Hambridge
Q7819848,+1973-10-09T00:00:00Z,,,songwriter,,https://en.wikipedia.org/wiki/Tommy_Shane_Steiner,0a53342c-f875-4c34-bf48-3246b28afcee,
Q7838467,+1975-07-03T00:00:00Z,Blytheville,United States,singer-songwriter|singer,,https://en.wikipedia.org/wiki/Trent_Tomlinson,db67b3ae-42e8-4cb3-87ec-b0a9238ad12a,
Q7838478,+1973-03-06T00:00:00Z,,,singer-songwriter,,https://en.wikipedia.org/wiki/Trent_Willmon,1c7fa1e9-71f1-4bc6-af65-5128bef9a5a4,
Q7842376,+1965-08-05T00:00:00Z,Natchitoches,United States,singer|songwriter,,https://en.wikipedia.org/wiki/Trini_Triggs,,
Q7846919,+1973-07-12T00:00:00Z,,,singer-songwriter,,https://en.wikipedia.org/wiki/Troy_Olsen,,
Q7859991,+1993-01-01T00:00:00Z,Hattiesburg,United States,singer|songwriter|film actor,,https://en.wikipedia.org/wiki/Tyler_Dickerson,44394de4-082e-472e-b914-bccaca86c3f2,
Q7860004,+1984-02-05T00:00:00Z,Garden City,United States,singer-songwriter|singer,,https://en.wikipedia.org/wiki/Tyler_Farr,0a623782-931b-4f2d-8d8b-e8bfc8b95cda,
Q7896961,+1954-10-27T00:00:00Z,Albemarle,United States,voice actor|actor|songwriter,,https://en.wikipedia.org/wiki/Unknown_Hinson,4e748cc8-b6b6-482f-a23f-ece8b2b5c043,
Q7904384,+1951-03-16T00:00:00Z,Philadelphia,United States,singer|record producer|guitarist|songwriter|voice actor|singer-songwriter,,https://en.wikipedia.org/wiki/Ray_Benson,e268ddf3-f9d0-47fc-8a62-5d9ee62b73ea,Ray Benson Seifert
Q79052314,+1988-07-07T00:00:00Z,Corpus Christi,United States,singer,,https://en.wikipedia.org/wiki/Jake_Hoot,ce55a2d1-2317-48f5-9ddb-81b6ded34ea4,
Q7913436,+1929-03-01T00:00:00Z,Grady,United States,singer|songwriter,,https://en.wikipedia.org/wiki/Van_Howard,,
Q7919367,+1938-10-14T00:00:00Z,,,singer-songwriter|singer,,https://en.wikipedia.org/wiki/Velva_Darnell,,
Q7922386,+1991-10-29T00:00:00Z,New London,United States,singer-songwriter|composer|singer,,https://en.wikipedia.org/wiki/Veronica_Ballestrini,02e1c0fe-cf1b-442f-843a-281e6c27f02f,Veronica Jean Ballestrini
Q7927037,+1962-07-13T00:00:00Z,Manhattan,United States,singer-songwriter|singer,,https://en.wikipedia.org/wiki/Victoria_Shaw_(singer),bc056638-664c-4652-bb2d-066f3d107bd3,Victoria Lynn Shaw
Q7970504,+1937-02-18T00:00:00Z,Abbeville,United States,drummer|singer,,https://en.wikipedia.org/wiki/Warren_Storm,4c2bef45-237f-4d20-bdeb-beda8850e1f8,
Q7976384,+1941-06-01T00:00:00Z,Greenwood,United States,singer-songwriter,,https://en.wikipedia.org/wiki/Wayne_Kemp,234653a0-0a44-48a0-b265-0487ae9206fb,
Q7976448,+1947-04-10T00:00:00Z,,,singer|songwriter,,https://en.wikipedia.org/wiki/Wayne_Massey,,Donald Wayne Massey
Q7983908,+1963-04-22T00:00:00Z,,,singer-songwriter,,https://en.wikipedia.org/wiki/Wesley_Dennis_(singer),a5d6344e-bd05-4fea-a7bd-fa23a3e8443e,
Q8022654,+1939-06-11T00:00:00Z,Orlando,United States,singer|songwriter|recording artist,,https://en.wikipedia.org/wiki/Wilma_Burgess,c670fb9c-bd27-45d9-a10e-c9d34eb8fa0e,Wilma Charlene Burgess
Q8022668,+1921-02-07T00:00:00Z,,,singer|songwriter,,https://en.wikipedia.org/wiki/Wilma_Lee_Cooper,b13e69e9-7a37-4345-88bf-efe1ae12ddd6,Wilma Lee Leary
Q8032245,+1946-09-16T00:00:00Z,Hampton,United States,singer-songwriter,,https://en.wikipedia.org/wiki/Wood_Newton,,
Q8033682,+1968-04-01T00:00:00Z,,,singer|songwriter,,https://en.wikipedia.org/wiki/Woody_Lee,,
Q80354323,+1994-03-17T00:00:00Z,Ellaville,United States,singer-songwriter|country singer|recording artist,,https://en.wikipedia.org/wiki/Caylee_Hammack,27e0e829-67c2-489b-ac1b-8a2081e266eb,Caylee Anna Hammack
Q803786,+1988-05-24T00:00:00Z,Westerly,United States,singer|songwriter|recording artist,,https://en.wikipedia.org/wiki/Billy_Gilman,d78420d3-3412-43ea-a1ca-f3a3d517bdfc,"William Wendell ""Billy"" Gilman III"
Q8039925,+1961-06-07T00:00:00Z,Conrad,United States,singer|songwriter,,https://en.wikipedia.org/wiki/Wylie_Gustafson,,Wylie Galt Gustafson
Q80530,+1938-03-25T00:00:00Z,Duncan,United States,singer|singer-songwriter|television actor|film actor|guitarist,,https://en.wikipedia.org/wiki/Hoyt_Axton,2e359fac-9a6b-4436-9719-6170315e0072,Hoyt Wayne Axton
Q8054272,+1917-12-11T00:00:00Z,Springfield,United States,singer|singer-songwriter|yodeler,,https://en.wikipedia.org/wiki/Yodelin'_Slim_Clark,8ee6d8c5-e629-4943-9a30-4067595de0fc,Raymond LeRoy Clark
Q80593085,+1984-09-15T00:00:00Z,Houston,United States,singer|guitarist,,https://en.wikipedia.org/wiki/Preston_Wimberly,,
Q8066126,+1977-01-01T00:00:00Z,Abilene,United States,singer-songwriter,,https://en.wikipedia.org/wiki/Zane_Williams,,
Q8068644,+1911-10-10T00:00:00Z,,,singer-songwriter,,https://en.wikipedia.org/wiki/Zeke_Manners,04d9c4b8-6fc7-40ff-9f68-db52a109aeb3,
Q8068791,+1951-03-14T00:00:00Z,,,singer|songwriter,,https://en.wikipedia.org/wiki/Zella_Lehr,63b195f6-b209-4660-80cc-2a5e1ba34665,
Q8073831,+1963-01-01T00:00:00Z,,,singer|singer-songwriter,,https://en.wikipedia.org/wiki/Zona_Jones,3a27bf05-1246-470f-830c-7751374bea30,
Q807417,+1950-11-12T00:00:00Z,Knobel,United States,musician|songwriter|recording artist,,https://en.wikipedia.org/wiki/Barbara_Fairchild,19ae1de4-1b15-45a0-9104-2d489a2df1cf,
Q8116729,+1924-06-28T00:00:00Z,Tennessee,United States,singer|songwriter,,https://en.wikipedia.org/wiki/George_Morgan_(singer),e22f0c33-e597-4211-9bc9-79ae9085980f,George Thomas Morgan
Q81423657,+1914-05-09T00:00:00Z,Arthur,United States,singer|songwriter|master of ceremonies|musician|caller,,https://en.wikipedia.org/wiki/Milton_Estes,,Milton Esco Estes
Q82250,+1933-09-01T00:00:00Z,Friars Point,United States,singer|singer-songwriter|recording artist,Conway Twitty & Loretta Lynn,https://en.wikipedia.org/wiki/Conway_Twitty,a3c60d26-90d6-4788-ba9b-a89693fc396d,Harold Lloyd Jenkins|Harold Jenkins|Harold L. Jenkins
Q85771041,+1957-01-01T00:00:00Z,Syracuse,United States,mandolinist|composer|singer|singer-songwriter|record producer|audio engineer|guitarist|songwriter,The Earls of Leicester|Union Station|The Chieftains|Vince Gill|Michael Cleveland|Earl Scruggs|Louise Scruggs,https://en.wikipedia.org/wiki/Jeff_White_(musician),50d26429-bbd3-4cbf-951c-d59846d25b7d,
Q861994,+1908-12-19T00:00:00Z,Kentucky,United States,singer-songwriter|musician|singer,,https://en.wikipedia.org/wiki/Bill_Carlisle,50213df9-d711-4a53-afaa-71567acb368e,William Toliver Carlisle
Q862315,+1940-09-19T00:00:00Z,Los Angeles,United States,singer|songwriter|record producer,The Righteous Brothers,https://en.wikipedia.org/wiki/Bill_Medley,5a68345c-0ae8-4ec3-af35-38f2a39bcf0b,"William Thomas ""Bill"" Medley|William Thomas Medley"
Q863073,+1962-04-02T00:00:00Z,Quincy,United States,singer-songwriter|musician|singer|guitarist,,https://en.wikipedia.org/wiki/Billy_Dean,e62becdf-2d36-478e-be2b-a9772d78db06,
Q863142,+1942-04-03T00:00:00Z,Valdosta,United States,musician|singer|film actor|songwriter,,https://en.wikipedia.org/wiki/Billy_Joe_Royal,4bf357d0-942c-4a0f-a504-2e20d65e953a,
Q863285,+1939-06-16T00:00:00Z,Greensboro,United States,musician|singer|songwriter,,"https://en.wikipedia.org/wiki/Billy_""Crash""_Craddock",643d2a1e-39b3-4a0c-80cd-8cdf59276d61,Billy Craddock|Billy Graddock|Billy 'Crash' Craddock
Q86475154,+1994-03-04T00:00:00Z,Atlanta,United States,singer-songwriter|record producer|singer,,https://en.wikipedia.org/wiki/Katie_Pruitt,7eb6f37b-81f3-432e-8a46-c371a06d9483,Katherine Nicole Pruitt
Q87416755,,Burgin,,singer,,https://en.wikipedia.org/wiki/Dillon_Carmichael,d1820c48-4af0-47d9-83b6-1009bbd49ac2,
Q87486542,+1985-09-29T00:00:00Z,Santa Monica,United States,singer-songwriter,,https://en.wikipedia.org/wiki/Jaime_Wyatt,c576321e-7db9-49c3-95d2-1313507c0931,
Q887792,+1927-07-08T00:00:00Z,Stratford,United States,singer|songwriter,,https://en.wikipedia.org/wiki/Bob_Beckham,0512dab4-511d-4b42-a3e8-266375e72135,Robert Joseph Beckham
Q888554,+1933-08-15T00:00:00Z,Bloomington,United States,singer|songwriter|recording artist|animator,,https://en.wikipedia.org/wiki/Bobby_Helms,502b3244-0f7d-470c-99e9-b17fe6bcaabf,Bobby Lee Helms|Robert Helms
Q888615,+1934-01-06T00:00:00Z,Sanford,United States,television presenter|musician|singer|songwriter,,https://en.wikipedia.org/wiki/Bobby_Lord,b900ea64-7dac-46ff-9372-e187c0b82561,Robert Lester Lord
Q908569,+1939-05-27T00:00:00Z,Floydada,United States,musician|singer|songwriter|singer-songwriter|guitarist,,https://en.wikipedia.org/wiki/Don_Williams,741bd697-e595-4e47-a97d-688b4b9e0df2,Donald Ray Williams
Q921679,+1973-12-30T00:00:00Z,Oberlin,United States,guitarist|singer-songwriter|singer,,https://en.wikipedia.org/wiki/Jason_Molina,5aea6812-544c-4a64-bd3d-62c0dd3243a1,
Q925578,+1968-10-19T00:00:00Z,Longview,United States,comedian|singer-songwriter|singer|television actor|screenwriter,,https://en.wikipedia.org/wiki/Rodney_Carrington,89b2959b-a1e9-4ac8-bd8d-4e2c085ab0d0,Rodney Scott Carrington
Q928736,+1951-09-05T00:00:00Z,Tulsa,United States,musician|songwriter,,https://en.wikipedia.org/wiki/Jamie_Oldaker,3bbbe72f-43d3-4e9a-b7ae-8761de45c6a4,James Olraker|James Oldaker
Q932959,+1940-12-11T00:00:00Z,Tulsa,United States,guitarist|singer|musician|songwriter|singer-songwriter|violinist|pianist,Bread,https://en.wikipedia.org/wiki/David_Gates,d51a9033-a21a-4975-90a2-86078287cd4b,David Ashworth Gates
Q93781006,+1985-12-06T00:00:00Z,Dripping Springs,,musician|guitarist|singer-songwriter,,https://en.wikipedia.org/wiki/Cameron_Duddy,d13b2976-e394-489a-87ce-f496b2f5cab3,
Q94188117,+2000-01-01T00:00:00Z,,,,,https://en.wikipedia.org/wiki/Payton_Smith,5ca275b4-d20e-4ff2-9cf6-2a1d3de955ce,
Q944128,+1947-10-30T00:00:00Z,Oakland,United States,guitarist|singer|singer-songwriter|composer,Eagles,https://en.wikipedia.org/wiki/Timothy_B._Schmit,48b7d40e-ab45-444d-a4d3-4d1de0f55b51,Timothy Bruce Schmit
Q962604,+1940-03-21T00:00:00Z,Yonkers,United States,songwriter|singer|singer-songwriter|record producer,Just Us,https://en.wikipedia.org/wiki/Chip_Taylor,df66124c-0c71-40ca-b5c1-0992c1f57f39,James Wesley Voight
Q963142,+1914-02-09T00:00:00Z,Crisp,United States,singer-songwriter|musician|singer|composer|actor,,https://en.wikipedia.org/wiki/Ernest_Tubb,eefcb39d-afa5-4db0-916c-e6dbe1892e8e,Texas Troubadour|the Texas Troubadour|Ernest Dale Tubb
Q96337347,+1986-12-11T00:00:00Z,Chattanooga,United States,singer|songwriter,Our Native Daughters,https://en.wikipedia.org/wiki/Amythyst_Kiah,8ece873f-55ce-41d5-9ffa-5e0319b2fc28,
Q963827,+1919-02-13T00:00:00Z,Bristol,United States,singer|television presenter|actor|voice actor|television actor|radio personality|recording artist,,https://en.wikipedia.org/wiki/Tennessee_Ernie_Ford,947163f5-f306-4d78-a316-8c3fb317ae50,Ernest Jennings Ford|Ernie Ford
Q969572,+1953-07-09T00:00:00Z,Rock Hill,United States,singer|singer-songwriter,,https://en.wikipedia.org/wiki/David_Ball_(country_singer),a0e567d7-0438-49c2-98af-c38f3ea50662,David Alderman Ball
Q969629,+1933-10-27T00:00:00Z,Shreveport,United States,pianist|musician|songwriter|recording artist,,https://en.wikipedia.org/wiki/Floyd_Cramer,a7921b29-671a-4378-8a61-539cf73d7588,
Q97516217,+1941-08-25T00:00:00Z,,,,,https://en.wikipedia.org/wiki/Don_Lee_(musician),7097e5e6-0964-42fb-be02-af46e7b8fe14,Donald Lee Tunison
Q975911,+1977-05-03T00:00:00Z,Granite Falls,United States,singer-songwriter|musician|banjoist|composer|singer|guitarist,,https://en.wikipedia.org/wiki/Eric_Church,15856215-cc51-4423-879c-9ac955ccb11a,Kenneth Eric Church
Q979411,+1942-03-16T00:00:00Z,Oneonta,United States,street artist|singer|songwriter,Circus Maximus,https://en.wikipedia.org/wiki/Jerry_Jeff_Walker,3faa019a-ad91-4ddf-87d5-fdcbdfd8327c,Ronald Clyde Crosby|Gypsy Songman
Q98066287,,,,,,https://en.wikipedia.org/wiki/Kameron_Marlowe,be259f80-096e-4dc1-8933-d60a8cf3bc69,
Q995120,+1974-02-17T00:00:00Z,Lawton,United States,musician|singer|singer-songwriter,,https://en.wikipedia.org/wiki/Bryan_White,e03c5f07-71e9-4e3c-a9fd-2a90e61d2f2e,Bryan Shelton White
