chart_year,position,song_name,artist_name,song_name_clean,song_key,source_title,source_kind
1958,1,Oh Lonesome Me / I Can't Stop Loving You,Don Gibson,Oh Lonesome Me / I Can't Stop Loving You,oh lonesome me i can t stop loving you,Billboard year-end top 50 country & western singles of 1958,year_end_wikipedia
1958,2,Just Married / Stairway of Love,Marty Robbins,Just Married / Stairway of Love,just married stairway of love,Billboard year-end top 50 country & western singles of 1958,year_end_wikipedia
1958,3,"Guess Things Happen That Way / Come in, Stranger",Johnny Cash,"Guess Things Happen That Way / Come in, Stranger",guess things happen that way come in stranger,Billboard year-end top 50 country & western singles of 1958,year_end_wikipedia
1958,4,City Lights / Invitation to the Blues,Ray Price,City Lights / Invitation to the Blues,city lights invitation to the blues,Billboard year-end top 50 country & western singles of 1958,year_end_wikipedia
1958,5,Don't / I Beg of You,Elvis Presley,Don't / I Beg of You,don t i beg of you,Billboard year-end top 50 country & western singles of 1958,year_end_wikipedia
1958,6,The Ways of a Woman in Love / You're the Nearest Thing to Heaven,Johnny Cash,The Ways of a Woman in Love / You're the Nearest Thing to Heaven,the ways of a woman in love you re the nearest thing to heaven,Billboard year-end top 50 country & western singles of 1958,year_end_wikipedia
1958,7,Ballad of a Teenage Queen,Johnny Cash,Ballad of a Teenage Queen,ballad of a teenage queen,Billboard year-end top 50 country & western singles of 1958,year_end_wikipedia
1958,8,Send Me the Pillow You Dream On,Hank Locklin,Send Me the Pillow You Dream On,send me the pillow you dream on,Billboard year-end top 50 country & western singles of 1958,year_end_wikipedia
1958,9,Blue Blue Day,Don Gibson,Blue Blue Day,blue blue day,Billboard year-end top 50 country & western singles of 1958,year_end_wikipedia
1958,10,Alone with You,Faron Young,Alone with You,alone with you,Billboard year-end top 50 country & western singles of 1958,year_end_wikipedia
1958,10,Blue Boy,Jim Reeves,Blue Boy,blue boy,Billboard year-end top 50 country & western singles of 1958,year_end_wikipedia
1958,12,Bird Dog / Devoted to You,The Everly Brothers,Bird Dog / Devoted to You,bird dog devoted to you,Billboard year-end top 50 country & western singles of 1958,year_end_wikipedia
1958,13,All I Have to Do Is Dream,The Everly Brothers,All I Have to Do Is Dream,all i have to do is dream,Billboard year-end top 50 country & western singles of 1958,year_end_wikipedia
1958,14,The Story of My Life,Marty Robbins,The Story of My Life,the story of my life,Billboard year-end top 50 country & western singles of 1958,year_end_wikipedia
1958,15,I Can't Stop Loving You,Kitty Wells,I Can't Stop Loving You,i can t stop loving you,Billboard year-end top 50 country & western singles of 1958,year_end_wikipedia
1958,16,Geisha Girl,Hank Locklin,Geisha Girl,geisha girl,Billboard year-end top 50 country & western singles of 1958,year_end_wikipedia
1958,17,Hard Headed Woman / Don't Ask Me Why,Elvis Presley,Hard Headed Woman / Don't Ask Me Why,hard headed woman don t ask me why,Billboard year-end top 50 country & western singles of 1958,year_end_wikipedia
1958,18,It's a Little More Like Heaven,Hank Locklin,It's a Little More Like Heaven,it s a little more like heaven,Billboard year-end top 50 country & western singles of 1958,year_end_wikipedia
1958,19,Great Balls of Fire,Jerry Lee Lewis,Great Balls of Fire,great balls of fire,Billboard year-end top 50 country & western singles of 1958,year_end_wikipedia
1958,20,Secretly,Jimmie Rodgers,Secretly,secretly,Billboard year-end top 50 country & western singles of 1958,year_end_wikipedia
1958,21,Wear My Ring Around Your Neck / Doncha' Think It's Time,Elvis Presley,Wear My Ring Around Your Neck / Doncha' Think It's Time,wear my ring around your neck doncha think it s time,Billboard year-end top 50 country & western singles of 1958,year_end_wikipedia
1958,22,Poor Little Fool,Ricky Nelson,Poor Little Fool,poor little fool,Billboard year-end top 50 country & western singles of 1958,year_end_wikipedia
1958,23,All Over Again / What Do I Care,Johnny Cash,All Over Again / What Do I Care,all over again what do i care,Billboard year-end top 50 country & western singles of 1958,year_end_wikipedia
1958,24,Stop the World (And Let Me Off),Johnnie & Jack,Stop the World (And Let Me Off),stop the world,Billboard year-end top 50 country & western singles of 1958,year_end_wikipedia
1958,25,My Special Angel,Bobby Helms,My Special Angel,my special angel,Billboard year-end top 50 country & western singles of 1958,year_end_wikipedia
1958,26,This Little Girl of Mine,The Everly Brothers,This Little Girl of Mine,this little girl of mine,Billboard year-end top 50 country & western singles of 1958,year_end_wikipedia
1958,27,Curtain in the Window,Ray Price,Curtain in the Window,curtain in the window,Billboard year-end top 50 country & western singles of 1958,year_end_wikipedia
1958,27,Squaws Along the Yukon,Hank Thompson,Squaws Along the Yukon,squaws along the yukon,Billboard year-end top 50 country & western singles of 1958,year_end_wikipedia
1958,29,Is It Wrong (For Loving You),Warner Mack,Is It Wrong (For Loving You),is it wrong,Billboard year-end top 50 country & western singles of 1958,year_end_wikipedia
1958,30,Breathless,Jerry Lee Lewis,Breathless,breathless,Billboard year-end top 50 country & western singles of 1958,year_end_wikipedia
1958,31,Crying Over You,Webb Pierce,Crying Over You,crying over you,Billboard year-end top 50 country & western singles of 1958,year_end_wikipedia
1958,32,Give Myself a Party / Look Who's Blue,Don Gibson,Give Myself a Party / Look Who's Blue,give myself a party look who s blue,Billboard year-end top 50 country & western singles of 1958,year_end_wikipedia
1958,33,Stood Up / Waitin' in School,Ricky Nelson,Stood Up / Waitin' in School,stood up waitin in school,Billboard year-end top 50 country & western singles of 1958,year_end_wikipedia
1958,33,My Bucket's Got a Hole in It / Believe What You Say,Ricky Nelson,My Bucket's Got a Hole in It / Believe What You Say,my bucket s got a hole in it believe what you say,Billboard year-end top 50 country & western singles of 1958,year_end_wikipedia
1958,35,Anna Marie,Jim Reeves,Anna Marie,anna marie,Billboard year-end top 50 country & western singles of 1958,year_end_wikipedia
1958,36,Jealousy,Kitty Wells,Jealousy,jealousy,Billboard year-end top 50 country & western singles of 1958,year_end_wikipedia
1958,37,My Shoes Keep Walking Back to You,Ray Price,My Shoes Keep Walking Back to You,my shoes keep walking back to you,Billboard year-end top 50 country & western singles of 1958,year_end_wikipedia
1958,38,Your Name Is Beautiful,Carl Smith,Your Name Is Beautiful,your name is beautiful,Billboard year-end top 50 country & western singles of 1958,year_end_wikipedia
1958,39,Jailhouse Rock,Elvis Presley,Jailhouse Rock,jailhouse rock,Billboard year-end top 50 country & western singles of 1958,year_end_wikipedia
1958,40,Fraulein,Bobby Helms,Fraulein,fraulein,Billboard year-end top 50 country & western singles of 1958,year_end_wikipedia
1958,41,She Was Only Seventeen (He Was One Year More),Marty Robbins,She Was Only Seventeen (He Was One Year More),she was only seventeen,Billboard year-end top 50 country & western singles of 1958,year_end_wikipedia
1958,42,Raunchy,Bill Justis,Raunchy,raunchy,Billboard year-end top 50 country & western singles of 1958,year_end_wikipedia
1958,43,Jacqueline,Bobby Helms,Jacqueline,jacqueline,Billboard year-end top 50 country & western singles of 1958,year_end_wikipedia
1958,44,Pick Me Up on Your Way Down,Charlie Walker,Pick Me Up on Your Way Down,pick me up on your way down,Billboard year-end top 50 country & western singles of 1958,year_end_wikipedia
1958,45,Wake Up Little Susie,The Everly Brothers,Wake Up Little Susie,wake up little susie,Billboard year-end top 50 country & western singles of 1958,year_end_wikipedia
1958,46,High School Confidential,Jerry Lee Lewis,High School Confidential,high school confidential,Billboard year-end top 50 country & western singles of 1958,year_end_wikipedia
1958,47,"Oh-Oh, I'm Falling in Love Again",Jimmie Rodgers,"Oh-Oh, I'm Falling in Love Again",oh oh i m falling in love again,Billboard year-end top 50 country & western singles of 1958,year_end_wikipedia
1958,48,Half a Mind,Ernest Tubb,Half a Mind,half a mind,Billboard year-end top 50 country & western singles of 1958,year_end_wikipedia
1958,49,Just a Little Lonesome,Bobby Helms,Just a Little Lonesome,just a little lonesome,Billboard year-end top 50 country & western singles of 1958,year_end_wikipedia
1958,50,Home of the Blues / Give My Love to Rose,Johnny Cash,Home of the Blues / Give My Love to Rose,home of the blues give my love to rose,Billboard year-end top 50 country & western singles of 1958,year_end_wikipedia
1959,1,The Battle of New Orleans,Johnny Horton,The Battle of New Orleans,the battle of new orleans,Billboard year-end top 50 country & western singles of 1959,year_end_wikipedia
1959,2,The Three Bells,The Browns,The Three Bells,the three bells,Billboard year-end top 50 country & western singles of 1959,year_end_wikipedia
1959,3,Heartaches by the Number,Ray Price,Heartaches by the Number,heartaches by the number,Billboard year-end top 50 country & western singles of 1959,year_end_wikipedia
1959,4,Waterloo,Stonewall Jackson,Waterloo,waterloo,Billboard year-end top 50 country & western singles of 1959,year_end_wikipedia
1959,5,Don't Take Your Guns to Town,Johnny Cash,Don't Take Your Guns to Town,don t take your guns to town,Billboard year-end top 50 country & western singles of 1959,year_end_wikipedia
1959,6,White Lightning,George Jones,White Lightning,white lightning,Billboard year-end top 50 country & western singles of 1959,year_end_wikipedia
1959,7,Country Girl,Faron Young,Country Girl,country girl,Billboard year-end top 50 country & western singles of 1959,year_end_wikipedia
1959,8,I Ain't Never,Webb Pierce,I Ain't Never,i ain t never,Billboard year-end top 50 country & western singles of 1959,year_end_wikipedia
1959,9,When It's Springtime in Alaska (It's Forty Below),Johnny Horton,When It's Springtime in Alaska (It's Forty Below),when it s springtime in alaska,Billboard year-end top 50 country & western singles of 1959,year_end_wikipedia
1959,10,Billy Bayou,Jim Reeves,Billy Bayou,billy bayou,Billboard year-end top 50 country & western singles of 1959,year_end_wikipedia
1959,11,Home,Jim Reeves,Home,home,Billboard year-end top 50 country & western singles of 1959,year_end_wikipedia
1959,12,Big Midnight Special,Wilma Lee & Stoney Cooper,Big Midnight Special,big midnight special,Billboard year-end top 50 country & western singles of 1959,year_end_wikipedia
1959,13,I'm in Love Again,George Morgan,I'm in Love Again,i m in love again,Billboard year-end top 50 country & western singles of 1959,year_end_wikipedia
1959,14,Country Music is Here to Stay,Simon Crum (Ferlin Husky),Country Music is Here to Stay,country music is here to stay,Billboard year-end top 50 country & western singles of 1959,year_end_wikipedia
1959,15,Come Walk with Me,Wilma Lee & Stoney Cooper,Come Walk with Me,come walk with me,Billboard year-end top 50 country & western singles of 1959,year_end_wikipedia
1959,16,Who Cares,Don Gibson,Who Cares,who cares,Billboard year-end top 50 country & western singles of 1959,year_end_wikipedia
1959,17,Life to Go,Stonewall Jackson,Life to Go,life to go,Billboard year-end top 50 country & western singles of 1959,year_end_wikipedia
1959,18,I Got Stripes,Johnny Cash,I Got Stripes,i got stripes,Billboard year-end top 50 country & western singles of 1959,year_end_wikipedia
1959,19,Tennessee Stud,Eddy Arnold,Tennessee Stud,tennessee stud,Billboard year-end top 50 country & western singles of 1959,year_end_wikipedia
1959,20,Black Land Farmer,Frankie Miller,Black Land Farmer,black land farmer,Billboard year-end top 50 country & western singles of 1959,year_end_wikipedia
1959,21,City Lights,Ray Price,City Lights,city lights,Billboard year-end top 50 country & western singles of 1959,year_end_wikipedia
1959,22,I've Run Out of Tomorrow,Hank Thompson,I've Run Out of Tomorrow,i ve run out of tomorrow,Billboard year-end top 50 country & western singles of 1959,year_end_wikipedia
1959,23,Which One Is to Blame,Wilburn Brothers,Which One Is to Blame,which one is to blame,Billboard year-end top 50 country & western singles of 1959,year_end_wikipedia
1959,24,Pick Me Up on Your Way Down,Charlie Walker,Pick Me Up on Your Way Down,pick me up on your way down,Billboard year-end top 50 country & western singles of 1959,year_end_wikipedia
1959,25,That's What It's Like to Be Lonesome,Ray Price,That's What It's Like to Be Lonesome,that s what it s like to be lonesome,Billboard year-end top 50 country & western singles of 1959,year_end_wikipedia
1959,26,Partners,Jim Reeves,Partners,partners,Billboard year-end top 50 country & western singles of 1959,year_end_wikipedia
1959,27,A Thousand Miles Ago,Webb Pierce,A Thousand Miles Ago,a thousand miles ago,Billboard year-end top 50 country & western singles of 1959,year_end_wikipedia
1959,28,The Same Old Me,Ray Price,The Same Old Me,the same old me,Billboard year-end top 50 country & western singles of 1959,year_end_wikipedia
1959,29,Cabin in the Hills,Flatt & Scruggs,Cabin in the Hills,cabin in the hills,Billboard year-end top 50 country & western singles of 1959,year_end_wikipedia
1959,30,Somebody's Back in Town,Wilburn Brothers,Somebody's Back in Town,somebody s back in town,Billboard year-end top 50 country & western singles of 1959,year_end_wikipedia
1959,31,Am I That Easy to Forget,Carl Belew,Am I That Easy to Forget,am i that easy to forget,Billboard year-end top 50 country & western singles of 1959,year_end_wikipedia
1959,32,Set Him Free,Skeeter Davis,Set Him Free,set him free,Billboard year-end top 50 country & western singles of 1959,year_end_wikipedia
1959,33,Jimmy Brown the Newsboy,Mac Wiseman,Jimmy Brown the Newsboy,jimmy brown the newsboy,Billboard year-end top 50 country & western singles of 1959,year_end_wikipedia
1959,34,Gotta Travel On,Billy Grammer,Gotta Travel On,gotta travel on,Billboard year-end top 50 country & western singles of 1959,year_end_wikipedia
1959,35,Who Shot Sam,George Jones,Who Shot Sam,who shot sam,Billboard year-end top 50 country & western singles of 1959,year_end_wikipedia
1959,36,Don't Tell Me Your Troubles,Don Gibson,Don't Tell Me Your Troubles,don t tell me your troubles,Billboard year-end top 50 country & western singles of 1959,year_end_wikipedia
1959,37,Mommy for a Day,Kitty Wells,Mommy for a Day,mommy for a day,Billboard year-end top 50 country & western singles of 1959,year_end_wikipedia
1959,38,Ten Thousand Drums,Carl Smith,Ten Thousand Drums,ten thousand drums,Billboard year-end top 50 country & western singles of 1959,year_end_wikipedia
1959,39,Under Your Spell Again,Buck Owens,Under Your Spell Again,under your spell again,Billboard year-end top 50 country & western singles of 1959,year_end_wikipedia
1959,40,That's What It's Like to Be Lonesome,Bill Anderson,That's What It's Like to Be Lonesome,that s what it s like to be lonesome,Billboard year-end top 50 country & western singles of 1959,year_end_wikipedia
1959,41,Luther Plays the Boogie,Johnny Cash,Luther Plays the Boogie,luther plays the boogie,Billboard year-end top 50 country & western singles of 1959,year_end_wikipedia
1959,42,Dark Hollow,Jimmie Skinner,Dark Hollow,dark hollow,Billboard year-end top 50 country & western singles of 1959,year_end_wikipedia
1959,43,Treasure of Love,George Jones,Treasure of Love,treasure of love,Billboard year-end top 50 country & western singles of 1959,year_end_wikipedia
1959,44,Long Black Veil,Lefty Frizzell,Long Black Veil,long black veil,Billboard year-end top 50 country & western singles of 1959,year_end_wikipedia
1959,45,Poor Old Heartsick Me,Margie Bowes,Poor Old Heartsick Me,poor old heartsick me,Billboard year-end top 50 country & western singles of 1959,year_end_wikipedia
1959,46,Family Man,Frankie Miller,Family Man,family man,Billboard year-end top 50 country & western singles of 1959,year_end_wikipedia
1959,47,Grin and Bear It,Jimmy C. Newman,Grin and Bear It,grin and bear it,Billboard year-end top 50 country & western singles of 1959,year_end_wikipedia
1959,48,The Last Ride,Hank Snow,The Last Ride,the last ride,Billboard year-end top 50 country & western singles of 1959,year_end_wikipedia
1959,49,There's a Big Wheel,Wilma Lee & Stoney Cooper,There's a Big Wheel,there s a big wheel,Billboard year-end top 50 country & western singles of 1959,year_end_wikipedia
1959,50,My Baby's Gone,Louvin Brothers,My Baby's Gone,my baby s gone,Billboard year-end top 50 country & western singles of 1959,year_end_wikipedia
1961,1,I Fall to Pieces,Patsy Cline,I Fall to Pieces,i fall to pieces,Billboard year-end top 50 country & western singles of 1961,year_end_wikipedia
1961,2,Foolin' Around,Buck Owens,Foolin' Around,foolin around,Billboard year-end top 50 country & western singles of 1961,year_end_wikipedia
1961,3,The Window Up Above,George Jones,The Window Up Above,the window up above,Billboard year-end top 50 country & western singles of 1961,year_end_wikipedia
1961,4,Tender Years,George Jones,Tender Years,tender years,Billboard year-end top 50 country & western singles of 1961,year_end_wikipedia
1961,5,Three Hearts in a Tangle,Roy Drusky,Three Hearts in a Tangle,three hearts in a tangle,Billboard year-end top 50 country & western singles of 1961,year_end_wikipedia
1961,6,Hello Walls,Faron Young,Hello Walls,hello walls,Billboard year-end top 50 country & western singles of 1961,year_end_wikipedia
1961,7,Don't Worry,Marty Robbins,Don't Worry,don t worry,Billboard year-end top 50 country & western singles of 1961,year_end_wikipedia
1961,8,Heartbreak U.S.A.,Kitty Wells,Heartbreak U.S.A.,heartbreak u s a,Billboard year-end top 50 country & western singles of 1961,year_end_wikipedia
1961,9,Sea of Heartbreak,Don Gibson,Sea of Heartbreak,sea of heartbreak,Billboard year-end top 50 country & western singles of 1961,year_end_wikipedia
1961,10,On the Wings of a Dove,Ferlin Husky,On the Wings of a Dove,on the wings of a dove,Billboard year-end top 50 country & western singles of 1961,year_end_wikipedia
1961,11,Sweet Lips,Webb Pierce,Sweet Lips,sweet lips,Billboard year-end top 50 country & western singles of 1961,year_end_wikipedia
1961,12,I'll Just Have Another Cup of Coffee,Claude Gray,I'll Just Have Another Cup of Coffee,i ll just have another cup of coffee,Billboard year-end top 50 country & western singles of 1961,year_end_wikipedia
1961,13,I Missed Me,Jim Reeves,I Missed Me,i missed me,Billboard year-end top 50 country & western singles of 1961,year_end_wikipedia
1961,14,Hillbilly Heaven,Tex Ritter,Hillbilly Heaven,hillbilly heaven,Billboard year-end top 50 country & western singles of 1961,year_end_wikipedia
1961,15,Heart over Mind,Ray Price,Heart over Mind,heart over mind,Billboard year-end top 50 country & western singles of 1961,year_end_wikipedia
1961,16,Under the Influence of Love,Buck Owens,Under the Influence of Love,under the influence of love,Billboard year-end top 50 country & western singles of 1961,year_end_wikipedia
1961,17,North to Alaska,Johnny Horton,North to Alaska,north to alaska,Billboard year-end top 50 country & western singles of 1961,year_end_wikipedia
1961,18,Walk On By,Leroy Van Dyke,Walk On By,walk on by,Billboard year-end top 50 country & western singles of 1961,year_end_wikipedia
1961,19,My Ears Should Burn,Claude Gray,My Ears Should Burn,my ears should burn,Billboard year-end top 50 country & western singles of 1961,year_end_wikipedia
1961,20,Beggar to a King,Hank Snow,Beggar to a King,beggar to a king,Billboard year-end top 50 country & western singles of 1961,year_end_wikipedia
1961,21,Let Forgiveness In,Webb Pierce,Let Forgiveness In,let forgiveness in,Billboard year-end top 50 country & western singles of 1961,year_end_wikipedia
1961,22,Loving You (Was Worth This Broken Heart),Bob Gallion,Loving You (Was Worth This Broken Heart),loving you,Billboard year-end top 50 country & western singles of 1961,year_end_wikipedia
1961,23,I Think I Know,Marion Worth,I Think I Know,i think i know,Billboard year-end top 50 country & western singles of 1961,year_end_wikipedia
1961,24,When Two Worlds Collide,Roger Miller,When Two Worlds Collide,when two worlds collide,Billboard year-end top 50 country & western singles of 1961,year_end_wikipedia
1961,25,The Blizzard,Jim Reeves,The Blizzard,the blizzard,Billboard year-end top 50 country & western singles of 1961,year_end_wikipedia
1961,26,Loose Talk,"Buck Owens, Rose Maddox",Loose Talk,loose talk,Billboard year-end top 50 country & western singles of 1961,year_end_wikipedia
1961,27,Odds and Ends (Bits and Pieces),Warren Smith,Odds and Ends (Bits and Pieces),odds and ends,Billboard year-end top 50 country & western singles of 1961,year_end_wikipedia
1961,28,Fallen Angel,Webb Pierce,Fallen Angel,fallen angel,Billboard year-end top 50 country & western singles of 1961,year_end_wikipedia
1961,29,"Big River, Big Man",Claude King,"Big River, Big Man",big river big man,Billboard year-end top 50 country & western singles of 1961,year_end_wikipedia
1961,30,Louisiana Man,Rusty and Doug,Louisiana Man,louisiana man,Billboard year-end top 50 country & western singles of 1961,year_end_wikipedia
1961,31,My Last Date (With You),Skeeter Davis,My Last Date (With You),my last date,Billboard year-end top 50 country & western singles of 1961,year_end_wikipedia
1961,32,Sweet Dreams,Don Gibson,Sweet Dreams,sweet dreams,Billboard year-end top 50 country & western singles of 1961,year_end_wikipedia
1961,33,You're the Reason,Bobby Edwards,You're the Reason,you re the reason,Billboard year-end top 50 country & western singles of 1961,year_end_wikipedia
1961,34,It's Your World,Marty Robbins,It's Your World,it s your world,Billboard year-end top 50 country & western singles of 1961,year_end_wikipedia
1961,35,Po' Folks,Bill Anderson,Po' Folks,po folks,Billboard year-end top 50 country & western singles of 1961,year_end_wikipedia
1961,36,I Went Out of My Way,Roy Drusky,I Went Out of My Way,i went out of my way,Billboard year-end top 50 country & western singles of 1961,year_end_wikipedia
1961,37,Hello Fool,Ralph Emery,Hello Fool,hello fool,Billboard year-end top 50 country & western singles of 1961,year_end_wikipedia
1961,38,Walk Out Backward,Bill Anderson,Walk Out Backward,walk out backward,Billboard year-end top 50 country & western singles of 1961,year_end_wikipedia
1961,39,Your Old Love Letters,Porter Wagoner,Your Old Love Letters,your old love letters,Billboard year-end top 50 country & western singles of 1961,year_end_wikipedia
1961,40,Oklahoma Hills,Hank Thompson,Oklahoma Hills,oklahoma hills,Billboard year-end top 50 country & western singles of 1961,year_end_wikipedia
1961,41,Excuse Me,Buck Owens,Excuse Me,excuse me,Billboard year-end top 50 country & western singles of 1961,year_end_wikipedia
1961,42,I Love You Best of All,Louvin Brothers,I Love You Best of All,i love you best of all,Billboard year-end top 50 country & western singles of 1961,year_end_wikipedia
1961,43,Happy Birthday to Me,Hank Locklin,Happy Birthday to Me,happy birthday to me,Billboard year-end top 50 country & western singles of 1961,year_end_wikipedia
1961,44,Walking the Streets,Webb Pierce,Walking the Streets,walking the streets,Billboard year-end top 50 country & western singles of 1961,year_end_wikipedia
1961,45,Right or Wrong,Wanda Jackson,Right or Wrong,right or wrong,Billboard year-end top 50 country & western singles of 1961,year_end_wikipedia
1961,46,Big Bad John,Jimmy Dean,Big Bad John,big bad john,Billboard year-end top 50 country & western singles of 1961,year_end_wikipedia
1961,47,San Antonio Rose,Floyd Cramer,San Antonio Rose,san antonio rose,Billboard year-end top 50 country & western singles of 1961,year_end_wikipedia
1961,48,Three Steps to a Phone (Millions of Miles),George Hamilton IV,Three Steps to a Phone (Millions of Miles),three steps to a phone,Billboard year-end top 50 country & western singles of 1961,year_end_wikipedia
1961,49,Backtrack,Faron Young,Backtrack,backtrack,Billboard year-end top 50 country & western singles of 1961,year_end_wikipedia
1961,50,I'd Rather Loan You Out,Roy Drusky,I'd Rather Loan You Out,i d rather loan you out,Billboard year-end top 50 country & western singles of 1961,year_end_wikipedia
1970,1,"Baby, Baby (I Know You're a Lady)",David Houston,"Baby, Baby (I Know You're a Lady)",baby baby,List of Hot Country Singles number ones of 1970,weekly_number_one_wikipedia
1970,1,A Week in a Country Jail,Tom T. Hall,A Week in a Country Jail,a week in a country jail,List of Hot Country Singles number ones of 1970,weekly_number_one_wikipedia
1970,1,It's Just a Matter of Time,Sonny James,It's Just a Matter of Time,it s just a matter of time,List of Hot Country Singles number ones of 1970,weekly_number_one_wikipedia
1970,1,The Fightin' Side of Me,Merle Haggard,The Fightin' Side of Me,the fightin side of me,List of Hot Country Singles number ones of 1970,weekly_number_one_wikipedia
1970,1,Tennessee Bird Walk,Jack Blanchard & Misty Morgan,Tennessee Bird Walk,tennessee bird walk,List of Hot Country Singles number ones of 1970,weekly_number_one_wikipedia
1970,1,Is Anybody Goin' to San Antone,Charley Pride,Is Anybody Goin' to San Antone,is anybody goin to san antone,List of Hot Country Singles number ones of 1970,weekly_number_one_wikipedia
1970,1,"My Woman, My Woman, My Wife",Marty Robbins,"My Woman, My Woman, My Wife",my woman my woman my wife,List of Hot Country Singles number ones of 1970,weekly_number_one_wikipedia
1970,1,The Pool Shark,Dave Dudley,The Pool Shark,the pool shark,List of Hot Country Singles number ones of 1970,weekly_number_one_wikipedia
1970,1,My Love,Sonny James,My Love,my love,List of Hot Country Singles number ones of 1970,weekly_number_one_wikipedia
1970,1,Hello Darlin',Conway Twitty,Hello Darlin',hello darlin,List of Hot Country Singles number ones of 1970,weekly_number_one_wikipedia
1970,1,He Loves Me All the Way,Tammy Wynette,He Loves Me All the Way,he loves me all the way,List of Hot Country Singles number ones of 1970,weekly_number_one_wikipedia
1970,1,Wonder Could I Live There Anymore,Charley Pride,Wonder Could I Live There Anymore,wonder could i live there anymore,List of Hot Country Singles number ones of 1970,weekly_number_one_wikipedia
1970,1,Don't Keep Me Hangin' On,Sonny James,Don't Keep Me Hangin' On,don t keep me hangin on,List of Hot Country Singles number ones of 1970,weekly_number_one_wikipedia
1970,1,All for the Love of Sunshine,Hank Williams Jr. with the Mike Curb Congregation,All for the Love of Sunshine,all for the love of sunshine,List of Hot Country Singles number ones of 1970,weekly_number_one_wikipedia
1970,1,For the Good Times,Ray Price,For the Good Times,for the good times,List of Hot Country Singles number ones of 1970,weekly_number_one_wikipedia
1970,1,There Must Be More to Love Than This,Jerry Lee Lewis,There Must Be More to Love Than This,there must be more to love than this,List of Hot Country Singles number ones of 1970,weekly_number_one_wikipedia
1970,1,Sunday Mornin' Comin' Down,Johnny Cash,Sunday Mornin' Comin' Down,sunday mornin comin down,List of Hot Country Singles number ones of 1970,weekly_number_one_wikipedia
1970,1,"Run, Woman, Run",Tammy Wynette,"Run, Woman, Run",run woman run,List of Hot Country Singles number ones of 1970,weekly_number_one_wikipedia
1970,1,I Can't Believe That You've Stopped Loving Me,Charley Pride,I Can't Believe That You've Stopped Loving Me,i can t believe that you ve stopped loving me,List of Hot Country Singles number ones of 1970,weekly_number_one_wikipedia
1970,1,Fifteen Years Ago,Conway Twitty,Fifteen Years Ago,fifteen years ago,List of Hot Country Singles number ones of 1970,weekly_number_one_wikipedia
1970,1,Endlessly,Sonny James,Endlessly,endlessly,List of Hot Country Singles number ones of 1970,weekly_number_one_wikipedia
1970,1,Coal Miner's Daughter,Loretta Lynn,Coal Miner's Daughter,coal miner s daughter,List of Hot Country Singles number ones of 1970,weekly_number_one_wikipedia
1970,1,Rose Garden,Lynn Anderson,Rose Garden,rose garden,List of Hot Country Singles number ones of 1970,weekly_number_one_wikipedia
1971,1,Rose Garden,Lynn Anderson,Rose Garden,rose garden,List of Hot Country Singles number ones of 1971,weekly_number_one_wikipedia
1971,1,Flesh and Blood,Johnny Cash,Flesh and Blood,flesh and blood,List of Hot Country Singles number ones of 1971,weekly_number_one_wikipedia
1971,1,Joshua,Dolly Parton,Joshua,joshua,List of Hot Country Singles number ones of 1971,weekly_number_one_wikipedia
1971,1,Help Me Make It Through the Night,Sammi Smith,Help Me Make It Through the Night,help me make it through the night,List of Hot Country Singles number ones of 1971,weekly_number_one_wikipedia
1971,1,I'd Rather Love You,Charley Pride,I'd Rather Love You,i d rather love you,List of Hot Country Singles number ones of 1971,weekly_number_one_wikipedia
1971,1,After the Fire Is Gone,Conway Twitty and Loretta Lynn,After the Fire Is Gone,after the fire is gone,List of Hot Country Singles number ones of 1971,weekly_number_one_wikipedia
1971,1,Empty Arms,Sonny James,Empty Arms,empty arms,List of Hot Country Singles number ones of 1971,weekly_number_one_wikipedia
1971,1,How Much More Can She Stand,Conway Twitty,How Much More Can She Stand,how much more can she stand,List of Hot Country Singles number ones of 1971,weekly_number_one_wikipedia
1971,1,I Won't Mention It Again,Ray Price,I Won't Mention It Again,i won t mention it again,List of Hot Country Singles number ones of 1971,weekly_number_one_wikipedia
1971,1,You're My Man,Lynn Anderson,You're My Man,you re my man,List of Hot Country Singles number ones of 1971,weekly_number_one_wikipedia
1971,1,"When You're Hot, You're Hot",Jerry Reed,"When You're Hot, You're Hot",when you re hot you re hot,List of Hot Country Singles number ones of 1971,weekly_number_one_wikipedia
1971,1,"Bright Lights, Big City",Sonny James,"Bright Lights, Big City",bright lights big city,List of Hot Country Singles number ones of 1971,weekly_number_one_wikipedia
1971,1,I'm Just Me,Charley Pride,I'm Just Me,i m just me,List of Hot Country Singles number ones of 1971,weekly_number_one_wikipedia
1971,1,Good Lovin' (Makes It Right),Tammy Wynette,Good Lovin' (Makes It Right),good lovin,List of Hot Country Singles number ones of 1971,weekly_number_one_wikipedia
1971,1,Easy Loving,Freddie Hart,Easy Loving,easy loving,List of Hot Country Singles number ones of 1971,weekly_number_one_wikipedia
1971,1,The Year That Clayton Delaney Died,Tom T. Hall,The Year That Clayton Delaney Died,the year that clayton delaney died,List of Hot Country Singles number ones of 1971,weekly_number_one_wikipedia
1971,1,How Can I Unlove You,Lynn Anderson,How Can I Unlove You,how can i unlove you,List of Hot Country Singles number ones of 1971,weekly_number_one_wikipedia
1971,1,Here Comes Honey Again,Sonny James,Here Comes Honey Again,here comes honey again,List of Hot Country Singles number ones of 1971,weekly_number_one_wikipedia
1971,1,Lead Me On,Conway Twitty and Loretta Lynn,Lead Me On,lead me on,List of Hot Country Singles number ones of 1971,weekly_number_one_wikipedia
1971,1,Daddy Frank (The Guitar Man),Merle Haggard,Daddy Frank (The Guitar Man),daddy frank,List of Hot Country Singles number ones of 1971,weekly_number_one_wikipedia
1971,1,Kiss an Angel Good Mornin',Charley Pride,Kiss an Angel Good Mornin',kiss an angel good mornin,List of Hot Country Singles number ones of 1971,weekly_number_one_wikipedia
1972,1,Kiss an Angel Good Mornin',Charley Pride,Kiss an Angel Good Mornin',kiss an angel good mornin,List of Hot Country Singles number ones of 1972,weekly_number_one_wikipedia
1972,1,Would You Take Another Chance on Me / Me and Bobby McGee [a],Jerry Lee Lewis,Would You Take Another Chance on Me / Me and Bobby McGee [a],would you take another chance on me me and bobby mcgee a,List of Hot Country Singles number ones of 1972,weekly_number_one_wikipedia
1972,1,Carolyn,Merle Haggard,Carolyn,carolyn,List of Hot Country Singles number ones of 1972,weekly_number_one_wikipedia
1972,1,One's on the Way,Loretta Lynn,One's on the Way,one s on the way,List of Hot Country Singles number ones of 1972,weekly_number_one_wikipedia
1972,1,It's Four in the Morning,Faron Young,It's Four in the Morning,it s four in the morning,List of Hot Country Singles number ones of 1972,weekly_number_one_wikipedia
1972,1,Bedtime Story,Tammy Wynette,Bedtime Story,bedtime story,List of Hot Country Singles number ones of 1972,weekly_number_one_wikipedia
1972,1,My Hang-Up Is You,Freddie Hart,My Hang-Up Is You,my hang up is you,List of Hot Country Singles number ones of 1972,weekly_number_one_wikipedia
1972,1,Chantilly Lace / Think About It Darlin,Jerry Lee Lewis,Chantilly Lace / Think About It Darlin,chantilly lace think about it darlin,List of Hot Country Singles number ones of 1972,weekly_number_one_wikipedia
1972,1,Grandma Harp,Merle Haggard,Grandma Harp,grandma harp,List of Hot Country Singles number ones of 1972,weekly_number_one_wikipedia
1972,1,(Lost Her Love) On Our Last Date,Conway Twitty,(Lost Her Love) On Our Last Date,on our last date,List of Hot Country Singles number ones of 1972,weekly_number_one_wikipedia
1972,1,The Happiest Girl in the Whole U.S.A.,Donna Fargo,The Happiest Girl in the Whole U.S.A.,the happiest girl in the whole u s a,List of Hot Country Singles number ones of 1972,weekly_number_one_wikipedia
1972,1,That's Why I Love You Like I Do,Sonny James,That's Why I Love You Like I Do,that s why i love you like i do,List of Hot Country Singles number ones of 1972,weekly_number_one_wikipedia
1972,1,Eleven Roses,Hank Williams Jr.,Eleven Roses,eleven roses,List of Hot Country Singles number ones of 1972,weekly_number_one_wikipedia
1972,1,Made in Japan,Buck Owens,Made in Japan,made in japan,List of Hot Country Singles number ones of 1972,weekly_number_one_wikipedia
1972,1,It's Gonna Take a Little Bit Longer,Charley Pride,It's Gonna Take a Little Bit Longer,it s gonna take a little bit longer,List of Hot Country Singles number ones of 1972,weekly_number_one_wikipedia
1972,1,Bless Your Heart,Freddie Hart,Bless Your Heart,bless your heart,List of Hot Country Singles number ones of 1972,weekly_number_one_wikipedia
1972,1,If You Leave Me Tonight I'll Cry,Jerry Wallace,If You Leave Me Tonight I'll Cry,if you leave me tonight i ll cry,List of Hot Country Singles number ones of 1972,weekly_number_one_wikipedia
1972,1,Woman (Sensuous Woman),Don Gibson,Woman (Sensuous Woman),woman,List of Hot Country Singles number ones of 1972,weekly_number_one_wikipedia
1972,1,When the Snow Is on the Roses,Sonny James,When the Snow Is on the Roses,when the snow is on the roses,List of Hot Country Singles number ones of 1972,weekly_number_one_wikipedia
1972,1,I Can't Stop Loving You,Conway Twitty,I Can't Stop Loving You,i can t stop loving you,List of Hot Country Singles number ones of 1972,weekly_number_one_wikipedia
1972,1,I Ain't Never,Mel Tillis,I Ain't Never,i ain t never,List of Hot Country Singles number ones of 1972,weekly_number_one_wikipedia
1972,1,Funny Face,Donna Fargo,Funny Face,funny face,List of Hot Country Singles number ones of 1972,weekly_number_one_wikipedia
1972,1,It's Not Love (But It's Not Bad),Merle Haggard,It's Not Love (But It's Not Bad),it s not love,List of Hot Country Singles number ones of 1972,weekly_number_one_wikipedia
1972,1,My Man (Understands),Tammy Wynette,My Man (Understands),my man,List of Hot Country Singles number ones of 1972,weekly_number_one_wikipedia
1972,1,She's Too Good to Be True,Charley Pride,She's Too Good to Be True,she s too good to be true,List of Hot Country Singles number ones of 1972,weekly_number_one_wikipedia
1972,1,Got the All Overs for You (All Over Me),Freddie Hart,Got the All Overs for You (All Over Me),got the all overs for you,List of Hot Country Singles number ones of 1972,weekly_number_one_wikipedia
1972,1,She's Got to Be a Saint,Ray Price,She's Got to Be a Saint,she s got to be a saint,List of Hot Country Singles number ones of 1972,weekly_number_one_wikipedia
1973,1,She's Got to Be a Saint,Ray Price,She's Got to Be a Saint,she s got to be a saint,List of Hot Country Singles number ones of 1973,weekly_number_one_wikipedia
1973,1,Soul Song,Joe Stampley,Soul Song,soul song,List of Hot Country Singles number ones of 1973,weekly_number_one_wikipedia
1973,1,"(Old Dogs, Children and) Watermelon Wine",Tom T. Hall,"(Old Dogs, Children and) Watermelon Wine",watermelon wine,List of Hot Country Singles number ones of 1973,weekly_number_one_wikipedia
1973,1,She Needs Someone to Hold Her (When She Cries),Conway Twitty,She Needs Someone to Hold Her (When She Cries),she needs someone to hold her,List of Hot Country Singles number ones of 1973,weekly_number_one_wikipedia
1973,1,I Wonder If They Ever Think of Me,Merle Haggard,I Wonder If They Ever Think of Me,i wonder if they ever think of me,List of Hot Country Singles number ones of 1973,weekly_number_one_wikipedia
1973,1,Rated X,Loretta Lynn,Rated X,rated x,List of Hot Country Singles number ones of 1973,weekly_number_one_wikipedia
1973,1,The Lord Knows I'm Drinking,Cal Smith,The Lord Knows I'm Drinking,the lord knows i m drinking,List of Hot Country Singles number ones of 1973,weekly_number_one_wikipedia
1973,1,'Til I Get It Right,Tammy Wynette,'Til I Get It Right,til i get it right,List of Hot Country Singles number ones of 1973,weekly_number_one_wikipedia
1973,1,The Teddy Bear Song,Barbara Fairchild,The Teddy Bear Song,the teddy bear song,List of Hot Country Singles number ones of 1973,weekly_number_one_wikipedia
1973,1,Keep Me in Mind,Lynn Anderson,Keep Me in Mind,keep me in mind,List of Hot Country Singles number ones of 1973,weekly_number_one_wikipedia
1973,1,Super Kind of Woman,Freddie Hart,Super Kind of Woman,super kind of woman,List of Hot Country Singles number ones of 1973,weekly_number_one_wikipedia
1973,1,A Shoulder to Cry On,Charley Pride,A Shoulder to Cry On,a shoulder to cry on,List of Hot Country Singles number ones of 1973,weekly_number_one_wikipedia
1973,1,Superman,Donna Fargo,Superman,superman,List of Hot Country Singles number ones of 1973,weekly_number_one_wikipedia
1973,1,Behind Closed Doors,Charlie Rich,Behind Closed Doors,behind closed doors,List of Hot Country Singles number ones of 1973,weekly_number_one_wikipedia
1973,1,Come Live with Me,Roy Clark,Come Live with Me,come live with me,List of Hot Country Singles number ones of 1973,weekly_number_one_wikipedia
1973,1,What's Your Mama's Name,Tanya Tucker,What's Your Mama's Name,what s your mama s name,List of Hot Country Singles number ones of 1973,weekly_number_one_wikipedia
1973,1,Satin Sheets,Jeanne Pruett,Satin Sheets,satin sheets,List of Hot Country Singles number ones of 1973,weekly_number_one_wikipedia
1973,1,You Always Come Back to Hurting Me,Johnny Rodriguez,You Always Come Back to Hurting Me,you always come back to hurting me,List of Hot Country Singles number ones of 1973,weekly_number_one_wikipedia
1973,1,Kids Say the Darndest Things,Tammy Wynette,Kids Say the Darndest Things,kids say the darndest things,List of Hot Country Singles number ones of 1973,weekly_number_one_wikipedia
1973,1,Don't Fight the Feelings of Love,Charley Pride,Don't Fight the Feelings of Love,don t fight the feelings of love,List of Hot Country Singles number ones of 1973,weekly_number_one_wikipedia
1973,1,Why Me,Kris Kristofferson,Why Me,why me,List of Hot Country Singles number ones of 1973,weekly_number_one_wikipedia
1973,1,Love Is the Foundation,Loretta Lynn,Love Is the Foundation,love is the foundation,List of Hot Country Singles number ones of 1973,weekly_number_one_wikipedia
1973,1,You Were Always There,Donna Fargo,You Were Always There,you were always there,List of Hot Country Singles number ones of 1973,weekly_number_one_wikipedia
1973,1,"Lord, Mr. Ford",Jerry Reed,"Lord, Mr. Ford",lord mr ford,List of Hot Country Singles number ones of 1973,weekly_number_one_wikipedia
1973,1,Trip to Heaven,Freddie Hart,Trip to Heaven,trip to heaven,List of Hot Country Singles number ones of 1973,weekly_number_one_wikipedia
1973,1,"Louisiana Woman, Mississippi Man",Loretta Lynn & Conway Twitty,"Louisiana Woman, Mississippi Man",louisiana woman mississippi man,List of Hot Country Singles number ones of 1973,weekly_number_one_wikipedia
1973,1,Everybody's Had the Blues,Merle Haggard,Everybody's Had the Blues,everybody s had the blues,List of Hot Country Singles number ones of 1973,weekly_number_one_wikipedia
1973,1,You've Never Been This Far Before,Conway Twitty,You've Never Been This Far Before,you ve never been this far before,List of Hot Country Singles number ones of 1973,weekly_number_one_wikipedia
1973,1,Blood Red and Goin' Down,Tanya Tucker,Blood Red and Goin' Down,blood red and goin down,List of Hot Country Singles number ones of 1973,weekly_number_one_wikipedia
1973,1,You're the Best Thing That Ever Happened to Me,Ray Price,You're the Best Thing That Ever Happened to Me,you re the best thing that ever happened to me,List of Hot Country Singles number ones of 1973,weekly_number_one_wikipedia
1973,1,Ridin' My Thumb to Mexico,Johnny Rodriguez,Ridin' My Thumb to Mexico,ridin my thumb to mexico,List of Hot Country Singles number ones of 1973,weekly_number_one_wikipedia
1973,1,We're Gonna Hold On,George Jones & Tammy Wynette,We're Gonna Hold On,we re gonna hold on,List of Hot Country Singles number ones of 1973,weekly_number_one_wikipedia
1973,1,Paper Roses,Marie Osmond,Paper Roses,paper roses,List of Hot Country Singles number ones of 1973,weekly_number_one_wikipedia
1973,1,The Most Beautiful Girl,Charlie Rich,The Most Beautiful Girl,the most beautiful girl,List of Hot Country Singles number ones of 1973,weekly_number_one_wikipedia
1973,1,Amazing Love,Charley Pride,Amazing Love,amazing love,List of Hot Country Singles number ones of 1973,weekly_number_one_wikipedia
1973,1,If We Make It Through December,Merle Haggard,If We Make It Through December,if we make it through december,List of Hot Country Singles number ones of 1973,weekly_number_one_wikipedia
1974,1,If We Make It Through December,Merle Haggard,If We Make It Through December,if we make it through december,List of Hot Country Singles number ones of 1974,weekly_number_one_wikipedia
1974,1,I Love,Tom T. Hall,I Love,i love,List of Hot Country Singles number ones of 1974,weekly_number_one_wikipedia
1974,1,Jolene,Dolly Parton,Jolene,jolene,List of Hot Country Singles number ones of 1974,weekly_number_one_wikipedia
1974,1,World of Make Believe,Bill Anderson,World of Make Believe,world of make believe,List of Hot Country Singles number ones of 1974,weekly_number_one_wikipedia
1974,1,That's the Way Love Goes,Johnny Rodriguez,That's the Way Love Goes,that s the way love goes,List of Hot Country Singles number ones of 1974,weekly_number_one_wikipedia
1974,1,Another Lonely Song,Tammy Wynette,Another Lonely Song,another lonely song,List of Hot Country Singles number ones of 1974,weekly_number_one_wikipedia
1974,1,There Won't Be Anymore,Charlie Rich,There Won't Be Anymore,there won t be anymore,List of Hot Country Singles number ones of 1974,weekly_number_one_wikipedia
1974,1,There's a Honky Tonk Angel (Who'll Take Me Back In),Conway Twitty,There's a Honky Tonk Angel (Who'll Take Me Back In),there s a honky tonk angel,List of Hot Country Singles number ones of 1974,weekly_number_one_wikipedia
1974,1,Would You Lay with Me (In a Field of Stone),Tanya Tucker,Would You Lay with Me (In a Field of Stone),would you lay with me,List of Hot Country Singles number ones of 1974,weekly_number_one_wikipedia
1974,1,A Very Special Love Song,Charlie Rich,A Very Special Love Song,a very special love song,List of Hot Country Singles number ones of 1974,weekly_number_one_wikipedia
1974,1,Hello Love,Hank Snow,Hello Love,hello love,List of Hot Country Singles number ones of 1974,weekly_number_one_wikipedia
1974,1,Things Aren't Funny Anymore,Merle Haggard,Things Aren't Funny Anymore,things aren t funny anymore,List of Hot Country Singles number ones of 1974,weekly_number_one_wikipedia
1974,1,Is It Wrong (For Loving You),Sonny James,Is It Wrong (For Loving You),is it wrong,List of Hot Country Singles number ones of 1974,weekly_number_one_wikipedia
1974,1,Country Bumpkin,Cal Smith,Country Bumpkin,country bumpkin,List of Hot Country Singles number ones of 1974,weekly_number_one_wikipedia
1974,1,No Charge,Melba Montgomery,No Charge,no charge,List of Hot Country Singles number ones of 1974,weekly_number_one_wikipedia
1974,1,Pure Love,Ronnie Milsap,Pure Love,pure love,List of Hot Country Singles number ones of 1974,weekly_number_one_wikipedia
1974,1,I Will Always Love You,Dolly Parton,I Will Always Love You,i will always love you,List of Hot Country Singles number ones of 1974,weekly_number_one_wikipedia
1974,1,I Don't See Me in Your Eyes Anymore,Charlie Rich,I Don't See Me in Your Eyes Anymore,i don t see me in your eyes anymore,List of Hot Country Singles number ones of 1974,weekly_number_one_wikipedia
1974,1,This Time,Waylon Jennings,This Time,this time,List of Hot Country Singles number ones of 1974,weekly_number_one_wikipedia
1974,1,Room Full of Roses,Mickey Gilley,Room Full of Roses,room full of roses,List of Hot Country Singles number ones of 1974,weekly_number_one_wikipedia
1974,1,He Thinks I Still Care,Anne Murray,He Thinks I Still Care,he thinks i still care,List of Hot Country Singles number ones of 1974,weekly_number_one_wikipedia
1974,1,Marie Laveau,Bobby Bare,Marie Laveau,marie laveau,List of Hot Country Singles number ones of 1974,weekly_number_one_wikipedia
1974,1,You Can't Be a Beacon If Your Light Don't Shine,Donna Fargo,You Can't Be a Beacon If Your Light Don't Shine,you can t be a beacon if your light don t shine,List of Hot Country Singles number ones of 1974,weekly_number_one_wikipedia
1974,1,Rub It In,"Billy ""Crash"" Craddock",Rub It In,rub it in,List of Hot Country Singles number ones of 1974,weekly_number_one_wikipedia
1974,1,As Soon as I Hang Up the Phone,Conway Twitty and Loretta Lynn,As Soon as I Hang Up the Phone,as soon as i hang up the phone,List of Hot Country Singles number ones of 1974,weekly_number_one_wikipedia
1974,1,Old Man from the Mountain,Merle Haggard,Old Man from the Mountain,old man from the mountain,List of Hot Country Singles number ones of 1974,weekly_number_one_wikipedia
1974,1,The Grand Tour,George Jones,The Grand Tour,the grand tour,List of Hot Country Singles number ones of 1974,weekly_number_one_wikipedia
1974,1,Please Don't Tell Me How the Story Ends,Ronnie Milsap,Please Don't Tell Me How the Story Ends,please don t tell me how the story ends,List of Hot Country Singles number ones of 1974,weekly_number_one_wikipedia
1974,1,I Wouldn't Want to Live If You Didn't Love Me,Don Williams,I Wouldn't Want to Live If You Didn't Love Me,i wouldn t want to live if you didn t love me,List of Hot Country Singles number ones of 1974,weekly_number_one_wikipedia
1974,1,I'm a Ramblin' Man,Waylon Jennings,I'm a Ramblin' Man,i m a ramblin man,List of Hot Country Singles number ones of 1974,weekly_number_one_wikipedia
1974,1,I Love My Friend,Charlie Rich,I Love My Friend,i love my friend,List of Hot Country Singles number ones of 1974,weekly_number_one_wikipedia
1974,1,Please Don't Stop Loving Me,Porter Wagoner and Dolly Parton,Please Don't Stop Loving Me,please don t stop loving me,List of Hot Country Singles number ones of 1974,weekly_number_one_wikipedia
1974,1,I See the Want To in Your Eyes,Conway Twitty,I See the Want To in Your Eyes,i see the want to in your eyes,List of Hot Country Singles number ones of 1974,weekly_number_one_wikipedia
1974,1,I Overlooked an Orchid,Mickey Gilley,I Overlooked an Orchid,i overlooked an orchid,List of Hot Country Singles number ones of 1974,weekly_number_one_wikipedia
1974,1,Love Is Like a Butterfly,Dolly Parton,Love Is Like a Butterfly,love is like a butterfly,List of Hot Country Singles number ones of 1974,weekly_number_one_wikipedia
1974,1,Country Is,Tom T. Hall,Country Is,country is,List of Hot Country Singles number ones of 1974,weekly_number_one_wikipedia
1974,1,Trouble in Paradise,Loretta Lynn,Trouble in Paradise,trouble in paradise,List of Hot Country Singles number ones of 1974,weekly_number_one_wikipedia
1974,1,Back Home Again,John Denver,Back Home Again,back home again,List of Hot Country Singles number ones of 1974,weekly_number_one_wikipedia
1974,1,She Called Me Baby,Charlie Rich,She Called Me Baby,she called me baby,List of Hot Country Singles number ones of 1974,weekly_number_one_wikipedia
1974,1,I Can Help,Billy Swan,I Can Help,i can help,List of Hot Country Singles number ones of 1974,weekly_number_one_wikipedia
1974,1,What a Man My Man Is,Lynn Anderson,What a Man My Man Is,what a man my man is,List of Hot Country Singles number ones of 1974,weekly_number_one_wikipedia
1975,1,The Door,George Jones,The Door,the door,List of Hot Country Singles number ones of 1975,weekly_number_one_wikipedia
1975,1,Ruby Baby,"Billy ""Crash"" Craddock",Ruby Baby,ruby baby,List of Hot Country Singles number ones of 1975,weekly_number_one_wikipedia
1975,1,Kentucky Gambler,Merle Haggard,Kentucky Gambler,kentucky gambler,List of Hot Country Singles number ones of 1975,weekly_number_one_wikipedia
1975,1,(I'd Be) A Legend in My Time,Ronnie Milsap,(I'd Be) A Legend in My Time,a legend in my time,List of Hot Country Singles number ones of 1975,weekly_number_one_wikipedia
1975,1,City Lights,Mickey Gilley,City Lights,city lights,List of Hot Country Singles number ones of 1975,weekly_number_one_wikipedia
1975,1,Then Who Am I,Charley Pride,Then Who Am I,then who am i,List of Hot Country Singles number ones of 1975,weekly_number_one_wikipedia
1975,1,Devil in the Bottle,T.G. Sheppard,Devil in the Bottle,devil in the bottle,List of Hot Country Singles number ones of 1975,weekly_number_one_wikipedia
1975,1,I Care,Tom T. Hall,I Care,i care,List of Hot Country Singles number ones of 1975,weekly_number_one_wikipedia
1975,1,It's Time to Pay the Fiddler,Cal Smith,It's Time to Pay the Fiddler,it s time to pay the fiddler,List of Hot Country Singles number ones of 1975,weekly_number_one_wikipedia
1975,1,Linda on My Mind,Conway Twitty,Linda on My Mind,linda on my mind,List of Hot Country Singles number ones of 1975,weekly_number_one_wikipedia
1975,1,Before the Next Teardrop Falls,Freddy Fender,Before the Next Teardrop Falls,before the next teardrop falls,List of Hot Country Singles number ones of 1975,weekly_number_one_wikipedia
1975,1,The Bargain Store,Dolly Parton,The Bargain Store,the bargain store,List of Hot Country Singles number ones of 1975,weekly_number_one_wikipedia
1975,1,I Just Can't Get Her Out of My Mind,Johnny Rodriguez,I Just Can't Get Her Out of My Mind,i just can t get her out of my mind,List of Hot Country Singles number ones of 1975,weekly_number_one_wikipedia
1975,1,Always Wanting You,Merle Haggard,Always Wanting You,always wanting you,List of Hot Country Singles number ones of 1975,weekly_number_one_wikipedia
1975,1,Blanket on the Ground,Billie Jo Spears,Blanket on the Ground,blanket on the ground,List of Hot Country Singles number ones of 1975,weekly_number_one_wikipedia
1975,1,Roll On Big Mama,Joe Stampley,Roll On Big Mama,roll on big mama,List of Hot Country Singles number ones of 1975,weekly_number_one_wikipedia
1975,1,She's Actin' Single (I'm Drinkin' Doubles),Gary Stewart,She's Actin' Single (I'm Drinkin' Doubles),she s actin single,List of Hot Country Singles number ones of 1975,weekly_number_one_wikipedia
1975,1,(Hey Won't You Play) Another Somebody Done Somebody Wrong Song,B.J. Thomas,(Hey Won't You Play) Another Somebody Done Somebody Wrong Song,another somebody done somebody wrong song,List of Hot Country Singles number ones of 1975,weekly_number_one_wikipedia
1975,1,I'm Not Lisa,Jessi Colter,I'm Not Lisa,i m not lisa,List of Hot Country Singles number ones of 1975,weekly_number_one_wikipedia
1975,1,Thank God I'm a Country Boy,John Denver,Thank God I'm a Country Boy,thank god i m a country boy,List of Hot Country Singles number ones of 1975,weekly_number_one_wikipedia
1975,1,Window Up Above,Mickey Gilley,Window Up Above,window up above,List of Hot Country Singles number ones of 1975,weekly_number_one_wikipedia
1975,1,When Will I Be Loved,Linda Ronstadt,When Will I Be Loved,when will i be loved,List of Hot Country Singles number ones of 1975,weekly_number_one_wikipedia
1975,1,You're My Best Friend,Don Williams,You're My Best Friend,you re my best friend,List of Hot Country Singles number ones of 1975,weekly_number_one_wikipedia
1975,1,Tryin' to Beat the Morning Home,T.G. Sheppard,Tryin' to Beat the Morning Home,tryin to beat the morning home,List of Hot Country Singles number ones of 1975,weekly_number_one_wikipedia
1975,1,Lizzie and the Rainman,Tanya Tucker,Lizzie and the Rainman,lizzie and the rainman,List of Hot Country Singles number ones of 1975,weekly_number_one_wikipedia
1975,1,Movin' On,Merle Haggard,Movin' On,movin on,List of Hot Country Singles number ones of 1975,weekly_number_one_wikipedia
1975,1,Touch the Hand,Conway Twitty,Touch the Hand,touch the hand,List of Hot Country Singles number ones of 1975,weekly_number_one_wikipedia
1975,1,Just Get Up and Close the Door,Johnny Rodriguez,Just Get Up and Close the Door,just get up and close the door,List of Hot Country Singles number ones of 1975,weekly_number_one_wikipedia
1975,1,Wasted Days and Wasted Nights,Freddy Fender,Wasted Days and Wasted Nights,wasted days and wasted nights,List of Hot Country Singles number ones of 1975,weekly_number_one_wikipedia
1975,1,Rhinestone Cowboy,Glen Campbell,Rhinestone Cowboy,rhinestone cowboy,List of Hot Country Singles number ones of 1975,weekly_number_one_wikipedia
1975,1,Feelins',Loretta Lynn & Conway Twitty,Feelins',feelins,List of Hot Country Singles number ones of 1975,weekly_number_one_wikipedia
1975,1,Daydreams About Night Things,Ronnie Milsap,Daydreams About Night Things,daydreams about night things,List of Hot Country Singles number ones of 1975,weekly_number_one_wikipedia
1975,1,Blue Eyes Crying in the Rain,Willie Nelson,Blue Eyes Crying in the Rain,blue eyes crying in the rain,List of Hot Country Singles number ones of 1975,weekly_number_one_wikipedia
1975,1,Hope You're Feelin' Me (Like I'm Feelin' You),Charley Pride,Hope You're Feelin' Me (Like I'm Feelin' You),hope you re feelin me,List of Hot Country Singles number ones of 1975,weekly_number_one_wikipedia
1975,1,San Antonio Stroll,Tanya Tucker,San Antonio Stroll,san antonio stroll,List of Hot Country Singles number ones of 1975,weekly_number_one_wikipedia
1975,1,(Turn Out the Light And) Love Me Tonight,Don Williams,(Turn Out the Light And) Love Me Tonight,love me tonight,List of Hot Country Singles number ones of 1975,weekly_number_one_wikipedia
1975,1,I'm Sorry,John Denver,I'm Sorry,i m sorry,List of Hot Country Singles number ones of 1975,weekly_number_one_wikipedia
1975,1,Are You Sure Hank Done It This Way,Waylon Jennings,Are You Sure Hank Done It This Way,are you sure hank done it this way,List of Hot Country Singles number ones of 1975,weekly_number_one_wikipedia
1975,1,Rocky,Dickey Lee,Rocky,rocky,List of Hot Country Singles number ones of 1975,weekly_number_one_wikipedia
1975,1,It's All in the Movies,Merle Haggard,It's All in the Movies,it s all in the movies,List of Hot Country Singles number ones of 1975,weekly_number_one_wikipedia
1975,1,Secret Love,Freddy Fender,Secret Love,secret love,List of Hot Country Singles number ones of 1975,weekly_number_one_wikipedia
1975,1,Love Put a Song in My Heart,Johnny Rodriguez,Love Put a Song in My Heart,love put a song in my heart,List of Hot Country Singles number ones of 1975,weekly_number_one_wikipedia
1975,1,Convoy,C. W. McCall,Convoy,convoy,List of Hot Country Singles number ones of 1975,weekly_number_one_wikipedia
1976,1,Convoy,C. W. McCall,Convoy,convoy,List of Hot Country Singles number ones of 1976,weekly_number_one_wikipedia
1976,1,This Time I've Hurt Her More than She Loves Me,Conway Twitty,This Time I've Hurt Her More than She Loves Me,this time i ve hurt her more than she loves me,List of Hot Country Singles number ones of 1976,weekly_number_one_wikipedia
1976,1,Sometimes,Bill Anderson & Mary Lou Turner,Sometimes,sometimes,List of Hot Country Singles number ones of 1976,weekly_number_one_wikipedia
1976,1,The White Knight,Cledus Maggard & the Citizen's Band,The White Knight,the white knight,List of Hot Country Singles number ones of 1976,weekly_number_one_wikipedia
1976,1,Good Hearted Woman,Waylon & Willie,Good Hearted Woman,good hearted woman,List of Hot Country Singles number ones of 1976,weekly_number_one_wikipedia
1976,1,The Roots of My Raising,Merle Haggard,The Roots of My Raising,the roots of my raising,List of Hot Country Singles number ones of 1976,weekly_number_one_wikipedia
1976,1,Faster Horses (The Cowboy and the Poet),Tom T. Hall,Faster Horses (The Cowboy and the Poet),faster horses,List of Hot Country Singles number ones of 1976,weekly_number_one_wikipedia
1976,1,'Til the Rivers All Run Dry,Don Williams,'Til the Rivers All Run Dry,til the rivers all run dry,List of Hot Country Singles number ones of 1976,weekly_number_one_wikipedia
1976,1,You'll Lose a Good Thing,Freddy Fender,You'll Lose a Good Thing,you ll lose a good thing,List of Hot Country Singles number ones of 1976,weekly_number_one_wikipedia
1976,1,'Til I Can Make It on My Own,Tammy Wynette,'Til I Can Make It on My Own,til i can make it on my own,List of Hot Country Singles number ones of 1976,weekly_number_one_wikipedia
1976,1,Drinkin' My Baby (Off My Mind),Eddie Rabbitt,Drinkin' My Baby (Off My Mind),drinkin my baby,List of Hot Country Singles number ones of 1976,weekly_number_one_wikipedia
1976,1,Together Again,Emmylou Harris,Together Again,together again,List of Hot Country Singles number ones of 1976,weekly_number_one_wikipedia
1976,1,Don't the Girls All Get Prettier at Closing Time,Mickey Gilley,Don't the Girls All Get Prettier at Closing Time,don t the girls all get prettier at closing time,List of Hot Country Singles number ones of 1976,weekly_number_one_wikipedia
1976,1,My Eyes Can Only See As Far As You,Charley Pride,My Eyes Can Only See As Far As You,my eyes can only see as far as you,List of Hot Country Singles number ones of 1976,weekly_number_one_wikipedia
1976,1,What Goes On When the Sun Goes Down,Ronnie Milsap,What Goes On When the Sun Goes Down,what goes on when the sun goes down,List of Hot Country Singles number ones of 1976,weekly_number_one_wikipedia
1976,1,After All the Good Is Gone,Conway Twitty,After All the Good Is Gone,after all the good is gone,List of Hot Country Singles number ones of 1976,weekly_number_one_wikipedia
1976,1,One Piece at a Time,Johnny Cash,One Piece at a Time,one piece at a time,List of Hot Country Singles number ones of 1976,weekly_number_one_wikipedia
1976,1,I'll Get Over You,Crystal Gayle,I'll Get Over You,i ll get over you,List of Hot Country Singles number ones of 1976,weekly_number_one_wikipedia
1976,1,El Paso City,Marty Robbins,El Paso City,el paso city,List of Hot Country Singles number ones of 1976,weekly_number_one_wikipedia
1976,1,All These Things,Joe Stampley,All These Things,all these things,List of Hot Country Singles number ones of 1976,weekly_number_one_wikipedia
1976,1,The Door Is Always Open,Dave & Sugar,The Door Is Always Open,the door is always open,List of Hot Country Singles number ones of 1976,weekly_number_one_wikipedia
1976,1,Teddy Bear,Red Sovine,Teddy Bear,teddy bear,List of Hot Country Singles number ones of 1976,weekly_number_one_wikipedia
1976,1,Golden Ring,George Jones and Tammy Wynette,Golden Ring,golden ring,List of Hot Country Singles number ones of 1976,weekly_number_one_wikipedia
1976,1,Say It Again,Don Williams,Say It Again,say it again,List of Hot Country Singles number ones of 1976,weekly_number_one_wikipedia
1976,1,Bring It On Home to Me,Mickey Gilley,Bring It On Home to Me,bring it on home to me,List of Hot Country Singles number ones of 1976,weekly_number_one_wikipedia
1976,1,(I'm a) Stand by My Woman Man,Ronnie Milsap,(I'm a) Stand by My Woman Man,stand by my woman man,List of Hot Country Singles number ones of 1976,weekly_number_one_wikipedia
1976,1,I Don't Want to Have to Marry You,Jim Ed Brown and Helen Cornelius,I Don't Want to Have to Marry You,i don t want to have to marry you,List of Hot Country Singles number ones of 1976,weekly_number_one_wikipedia
1976,1,If You've Got the Money I've Got the Time,Willie Nelson,If You've Got the Money I've Got the Time,if you ve got the money i ve got the time,List of Hot Country Singles number ones of 1976,weekly_number_one_wikipedia
1976,1,Here's Some Love,Tanya Tucker,Here's Some Love,here s some love,List of Hot Country Singles number ones of 1976,weekly_number_one_wikipedia
1976,1,The Games That Daddies Play,Conway Twitty,The Games That Daddies Play,the games that daddies play,List of Hot Country Singles number ones of 1976,weekly_number_one_wikipedia
1976,1,You and Me,Tammy Wynette,You and Me,you and me,List of Hot Country Singles number ones of 1976,weekly_number_one_wikipedia
1976,1,Among My Souvenirs,Marty Robbins,Among My Souvenirs,among my souvenirs,List of Hot Country Singles number ones of 1976,weekly_number_one_wikipedia
1976,1,Cherokee Maiden,Merle Haggard,Cherokee Maiden,cherokee maiden,List of Hot Country Singles number ones of 1976,weekly_number_one_wikipedia
1976,1,Somebody Somewhere (Don't Know What He's Missin' Tonight),Loretta Lynn,Somebody Somewhere (Don't Know What He's Missin' Tonight),somebody somewhere,List of Hot Country Singles number ones of 1976,weekly_number_one_wikipedia
1976,1,Good Woman Blues,Mel Tillis,Good Woman Blues,good woman blues,List of Hot Country Singles number ones of 1976,weekly_number_one_wikipedia
1976,1,Thinkin' of a Rendezvous,Johnny Duncan,Thinkin' of a Rendezvous,thinkin of a rendezvous,List of Hot Country Singles number ones of 1976,weekly_number_one_wikipedia
1976,1,Sweet Dreams,Emmylou Harris,Sweet Dreams,sweet dreams,List of Hot Country Singles number ones of 1976,weekly_number_one_wikipedia
1977,1,Sweet Dreams,Emmylou Harris,Sweet Dreams,sweet dreams,List of Hot Country Singles number ones of 1977,weekly_number_one_wikipedia
1977,1,Broken Down in Tiny Pieces,"Billy ""Crash"" Craddock",Broken Down in Tiny Pieces,broken down in tiny pieces,List of Hot Country Singles number ones of 1977,weekly_number_one_wikipedia
1977,1,You Never Miss a Real Good Thing (Till He Says Goodbye),Crystal Gayle,You Never Miss a Real Good Thing (Till He Says Goodbye),you never miss a real good thing,List of Hot Country Singles number ones of 1977,weekly_number_one_wikipedia
1977,1,I Can't Believe She Gives It All to Me,Conway Twitty,I Can't Believe She Gives It All to Me,i can t believe she gives it all to me,List of Hot Country Singles number ones of 1977,weekly_number_one_wikipedia
1977,1,Let My Love Be Your Pillow,Ronnie Milsap,Let My Love Be Your Pillow,let my love be your pillow,List of Hot Country Singles number ones of 1977,weekly_number_one_wikipedia
1977,1,Near You,George Jones and Tammy Wynette,Near You,near you,List of Hot Country Singles number ones of 1977,weekly_number_one_wikipedia
1977,1,Moody Blue / She Thinks I Still Care [a],Elvis Presley,Moody Blue / She Thinks I Still Care [a],moody blue she thinks i still care a,List of Hot Country Singles number ones of 1977,weekly_number_one_wikipedia
1977,1,Say You'll Stay Until Tomorrow,Tom Jones,Say You'll Stay Until Tomorrow,say you ll stay until tomorrow,List of Hot Country Singles number ones of 1977,weekly_number_one_wikipedia
1977,1,Heart Healer,Mel Tillis,Heart Healer,heart healer,List of Hot Country Singles number ones of 1977,weekly_number_one_wikipedia
1977,1,She's Just an Old Love Turned Memory,Charley Pride,She's Just an Old Love Turned Memory,she s just an old love turned memory,List of Hot Country Singles number ones of 1977,weekly_number_one_wikipedia
1977,1,Southern Nights,Glen Campbell,Southern Nights,southern nights,List of Hot Country Singles number ones of 1977,weekly_number_one_wikipedia
1977,1,Lucille,Kenny Rogers,Lucille,lucille,List of Hot Country Singles number ones of 1977,weekly_number_one_wikipedia
1977,1,It Couldn't Have Been Any Better,Johnny Duncan,It Couldn't Have Been Any Better,it couldn t have been any better,List of Hot Country Singles number ones of 1977,weekly_number_one_wikipedia
1977,1,She's Got You,Loretta Lynn,She's Got You,she s got you,List of Hot Country Singles number ones of 1977,weekly_number_one_wikipedia
1977,1,She's Pulling Me Back Again,Mickey Gilley,She's Pulling Me Back Again,she s pulling me back again,List of Hot Country Singles number ones of 1977,weekly_number_one_wikipedia
1977,1,Play Guitar Play,Conway Twitty,Play Guitar Play,play guitar play,List of Hot Country Singles number ones of 1977,weekly_number_one_wikipedia
1977,1,Some Broken Hearts Never Mend,Don Williams,Some Broken Hearts Never Mend,some broken hearts never mend,List of Hot Country Singles number ones of 1977,weekly_number_one_wikipedia
1977,1,"Luckenbach, Texas (Back to the Basics of Love)",Waylon Jennings,"Luckenbach, Texas (Back to the Basics of Love)",luckenbach texas,List of Hot Country Singles number ones of 1977,weekly_number_one_wikipedia
1977,1,That Was Yesterday,Donna Fargo,That Was Yesterday,that was yesterday,List of Hot Country Singles number ones of 1977,weekly_number_one_wikipedia
1977,1,I'll Be Leaving Alone,Charley Pride,I'll Be Leaving Alone,i ll be leaving alone,List of Hot Country Singles number ones of 1977,weekly_number_one_wikipedia
1977,1,It Was Almost Like a Song,Ronnie Milsap,It Was Almost Like a Song,it was almost like a song,List of Hot Country Singles number ones of 1977,weekly_number_one_wikipedia
1977,1,Rollin' with the Flow,Charlie Rich,Rollin' with the Flow,rollin with the flow,List of Hot Country Singles number ones of 1977,weekly_number_one_wikipedia
1977,1,Way Down / Pledging My Love [a],Elvis Presley,Way Down / Pledging My Love [a],way down pledging my love a,List of Hot Country Singles number ones of 1977,weekly_number_one_wikipedia
1977,1,Don't It Make My Brown Eyes Blue,Crystal Gayle,Don't It Make My Brown Eyes Blue,don t it make my brown eyes blue,List of Hot Country Singles number ones of 1977,weekly_number_one_wikipedia
1977,1,I've Already Loved You in My Mind,Conway Twitty,I've Already Loved You in My Mind,i ve already loved you in my mind,List of Hot Country Singles number ones of 1977,weekly_number_one_wikipedia
1977,1,Daytime Friends,Kenny Rogers,Daytime Friends,daytime friends,List of Hot Country Singles number ones of 1977,weekly_number_one_wikipedia
1977,1,Heaven's Just a Sin Away,The Kendalls,Heaven's Just a Sin Away,heaven s just a sin away,List of Hot Country Singles number ones of 1977,weekly_number_one_wikipedia
1977,1,I'm Just a Country Boy,Don Williams,I'm Just a Country Boy,i m just a country boy,List of Hot Country Singles number ones of 1977,weekly_number_one_wikipedia
1977,1,More to Me,Charley Pride,More to Me,more to me,List of Hot Country Singles number ones of 1977,weekly_number_one_wikipedia
1977,1,The Wurlitzer Prize (I Don't Want to Get Over You),Waylon Jennings,The Wurlitzer Prize (I Don't Want to Get Over You),the wurlitzer prize,List of Hot Country Singles number ones of 1977,weekly_number_one_wikipedia
1977,1,Here You Come Again,Dolly Parton,Here You Come Again,here you come again,List of Hot Country Singles number ones of 1977,weekly_number_one_wikipedia
1978,1,Take This Job and Shove It,Johnny Paycheck,Take This Job and Shove It,take this job and shove it,List of Hot Country Singles number ones of 1978,weekly_number_one_wikipedia
1978,1,What a Difference You've Made in My Life,Ronnie Milsap,What a Difference You've Made in My Life,what a difference you ve made in my life,List of Hot Country Singles number ones of 1978,weekly_number_one_wikipedia
1978,1,Out of My Head and Back in My Bed,Loretta Lynn,Out of My Head and Back in My Bed,out of my head and back in my bed,List of Hot Country Singles number ones of 1978,weekly_number_one_wikipedia
1978,1,I Just Wish You Were Someone I Love,Larry Gatlin,I Just Wish You Were Someone I Love,i just wish you were someone i love,List of Hot Country Singles number ones of 1978,weekly_number_one_wikipedia
1978,1,Don't Break the Heart That Loves You,Margo Smith,Don't Break the Heart That Loves You,don t break the heart that loves you,List of Hot Country Singles number ones of 1978,weekly_number_one_wikipedia
1978,1,Mammas Don't Let Your Babies Grow Up to Be Cowboys,Waylon Jennings and Willie Nelson,Mammas Don't Let Your Babies Grow Up to Be Cowboys,mammas don t let your babies grow up to be cowboys,List of Hot Country Singles number ones of 1978,weekly_number_one_wikipedia
1978,1,Ready for the Times to Get Better,Crystal Gayle,Ready for the Times to Get Better,ready for the times to get better,List of Hot Country Singles number ones of 1978,weekly_number_one_wikipedia
1978,1,Someone Loves You Honey,Charley Pride,Someone Loves You Honey,someone loves you honey,List of Hot Country Singles number ones of 1978,weekly_number_one_wikipedia
1978,1,Every Time Two Fools Collide,Kenny Rogers and Dottie West,Every Time Two Fools Collide,every time two fools collide,List of Hot Country Singles number ones of 1978,weekly_number_one_wikipedia
1978,1,"It's All Wrong, But It's All Right",Dolly Parton,"It's All Wrong, But It's All Right",it s all wrong but it s all right,List of Hot Country Singles number ones of 1978,weekly_number_one_wikipedia
1978,1,She Can Put Her Shoes Under My Bed (Anytime),Johnny Duncan,She Can Put Her Shoes Under My Bed (Anytime),she can put her shoes under my bed,List of Hot Country Singles number ones of 1978,weekly_number_one_wikipedia
1978,1,Do You Know You Are My Sunshine,The Statler Brothers,Do You Know You Are My Sunshine,do you know you are my sunshine,List of Hot Country Singles number ones of 1978,weekly_number_one_wikipedia
1978,1,Georgia on My Mind,Willie Nelson,Georgia on My Mind,georgia on my mind,List of Hot Country Singles number ones of 1978,weekly_number_one_wikipedia
1978,1,Two More Bottles of Wine,Emmylou Harris,Two More Bottles of Wine,two more bottles of wine,List of Hot Country Singles number ones of 1978,weekly_number_one_wikipedia
1978,1,I'll Be True to You,The Oak Ridge Boys,I'll Be True to You,i ll be true to you,List of Hot Country Singles number ones of 1978,weekly_number_one_wikipedia
1978,1,It Only Hurts for a Little While,Margo Smith,It Only Hurts for a Little While,it only hurts for a little while,List of Hot Country Singles number ones of 1978,weekly_number_one_wikipedia
1978,1,I Believe in You,Mel Tillis,I Believe in You,i believe in you,List of Hot Country Singles number ones of 1978,weekly_number_one_wikipedia
1978,1,Only One Love in My Life,Ronnie Milsap,Only One Love in My Life,only one love in my life,List of Hot Country Singles number ones of 1978,weekly_number_one_wikipedia
1978,1,Love or Something Like It,Kenny Rogers,Love or Something Like It,love or something like it,List of Hot Country Singles number ones of 1978,weekly_number_one_wikipedia
1978,1,You Don't Love Me Anymore,Eddie Rabbitt,You Don't Love Me Anymore,you don t love me anymore,List of Hot Country Singles number ones of 1978,weekly_number_one_wikipedia
1978,1,Talking in Your Sleep,Crystal Gayle,Talking in Your Sleep,talking in your sleep,List of Hot Country Singles number ones of 1978,weekly_number_one_wikipedia
1978,1,Blue Skies,Willie Nelson,Blue Skies,blue skies,List of Hot Country Singles number ones of 1978,weekly_number_one_wikipedia
1978,1,I've Always Been Crazy,Waylon Jennings,I've Always Been Crazy,i ve always been crazy,List of Hot Country Singles number ones of 1978,weekly_number_one_wikipedia
1978,1,Heartbreaker,Dolly Parton,Heartbreaker,heartbreaker,List of Hot Country Singles number ones of 1978,weekly_number_one_wikipedia
1978,1,Tear Time,Dave & Sugar,Tear Time,tear time,List of Hot Country Singles number ones of 1978,weekly_number_one_wikipedia
1978,1,Let's Take the Long Way Around the World,Ronnie Milsap,Let's Take the Long Way Around the World,let s take the long way around the world,List of Hot Country Singles number ones of 1978,weekly_number_one_wikipedia
1978,1,Sleeping Single in a Double Bed,Barbara Mandrell,Sleeping Single in a Double Bed,sleeping single in a double bed,List of Hot Country Singles number ones of 1978,weekly_number_one_wikipedia
1978,1,Sweet Desire / Old Fashioned Love [a],The Kendalls,Sweet Desire / Old Fashioned Love [a],sweet desire old fashioned love a,List of Hot Country Singles number ones of 1978,weekly_number_one_wikipedia
1978,1,I Just Want to Love You,Eddie Rabbitt,I Just Want to Love You,i just want to love you,List of Hot Country Singles number ones of 1978,weekly_number_one_wikipedia
1978,1,On My Knees,Charlie Rich and Janie Fricke,On My Knees,on my knees,List of Hot Country Singles number ones of 1978,weekly_number_one_wikipedia
1978,1,The Gambler,Kenny Rogers,The Gambler,the gambler,List of Hot Country Singles number ones of 1978,weekly_number_one_wikipedia
1979,1,Tulsa Time,Don Williams,Tulsa Time,tulsa time,List of Hot Country Singles number ones of 1979,weekly_number_one_wikipedia
1979,1,Lady Lay Down,John Conlee,Lady Lay Down,lady lay down,List of Hot Country Singles number ones of 1979,weekly_number_one_wikipedia
1979,1,I Really Got the Feeling / Baby I'm Burnin',Dolly Parton,I Really Got the Feeling / Baby I'm Burnin',i really got the feeling baby i m burnin,List of Hot Country Singles number ones of 1979,weekly_number_one_wikipedia
1979,1,Why Have You Left the One You Left Me For,Crystal Gayle,Why Have You Left the One You Left Me For,why have you left the one you left me for,List of Hot Country Singles number ones of 1979,weekly_number_one_wikipedia
1979,1,Every Which Way but Loose,Eddie Rabbitt,Every Which Way but Loose,every which way but loose,List of Hot Country Singles number ones of 1979,weekly_number_one_wikipedia
1979,1,Golden Tears,Dave & Sugar,Golden Tears,golden tears,List of Hot Country Singles number ones of 1979,weekly_number_one_wikipedia
1979,1,I Just Fall in Love Again,Anne Murray,I Just Fall in Love Again,i just fall in love again,List of Hot Country Singles number ones of 1979,weekly_number_one_wikipedia
1979,1,(If Loving You Is Wrong) I Don't Want to Be Right,Barbara Mandrell,(If Loving You Is Wrong) I Don't Want to Be Right,i don t want to be right,List of Hot Country Singles number ones of 1979,weekly_number_one_wikipedia
1979,1,All I Ever Need Is You,Kenny Rogers and Dottie West,All I Ever Need Is You,all i ever need is you,List of Hot Country Singles number ones of 1979,weekly_number_one_wikipedia
1979,1,Where Do I Put Her Memory,Charley Pride,Where Do I Put Her Memory,where do i put her memory,List of Hot Country Singles number ones of 1979,weekly_number_one_wikipedia
1979,1,Backside of Thirty,John Conlee,Backside of Thirty,backside of thirty,List of Hot Country Singles number ones of 1979,weekly_number_one_wikipedia
1979,1,Don't Take It Away,Conway Twitty,Don't Take It Away,don t take it away,List of Hot Country Singles number ones of 1979,weekly_number_one_wikipedia
1979,1,If I Said You Had a Beautiful Body Would You Hold It Against Me,The Bellamy Brothers,If I Said You Had a Beautiful Body Would You Hold It Against Me,if i said you had a beautiful body would you hold it against me,List of Hot Country Singles number ones of 1979,weekly_number_one_wikipedia
1979,1,She Believes in Me,Kenny Rogers,She Believes in Me,she believes in me,List of Hot Country Singles number ones of 1979,weekly_number_one_wikipedia
1979,1,Nobody Likes Sad Songs,Ronnie Milsap,Nobody Likes Sad Songs,nobody likes sad songs,List of Hot Country Singles number ones of 1979,weekly_number_one_wikipedia
1979,1,Amanda,Waylon Jennings,Amanda,amanda,List of Hot Country Singles number ones of 1979,weekly_number_one_wikipedia
1979,1,Shadows in the Moonlight,Anne Murray,Shadows in the Moonlight,shadows in the moonlight,List of Hot Country Singles number ones of 1979,weekly_number_one_wikipedia
1979,1,You're the Only One,Dolly Parton,You're the Only One,you re the only one,List of Hot Country Singles number ones of 1979,weekly_number_one_wikipedia
1979,1,Suspicions,Eddie Rabbitt,Suspicions,suspicions,List of Hot Country Singles number ones of 1979,weekly_number_one_wikipedia
1979,1,Coca-Cola Cowboy,Mel Tillis,Coca-Cola Cowboy,coca cola cowboy,List of Hot Country Singles number ones of 1979,weekly_number_one_wikipedia
1979,1,The Devil Went Down to Georgia,Charlie Daniels Band,The Devil Went Down to Georgia,the devil went down to georgia,List of Hot Country Singles number ones of 1979,weekly_number_one_wikipedia
1979,1,Heartbreak Hotel,Willie Nelson and Leon Russell,Heartbreak Hotel,heartbreak hotel,List of Hot Country Singles number ones of 1979,weekly_number_one_wikipedia
1979,1,I May Never Get to Heaven,Conway Twitty,I May Never Get to Heaven,i may never get to heaven,List of Hot Country Singles number ones of 1979,weekly_number_one_wikipedia
1979,1,You're My Jamaica,Charley Pride,You're My Jamaica,you re my jamaica,List of Hot Country Singles number ones of 1979,weekly_number_one_wikipedia
1979,1,Just Good Ol' Boys,Moe Bandy & Joe Stampley,Just Good Ol' Boys,just good ol boys,List of Hot Country Singles number ones of 1979,weekly_number_one_wikipedia
1979,1,It Must Be Love,Don Williams,It Must Be Love,it must be love,List of Hot Country Singles number ones of 1979,weekly_number_one_wikipedia
1979,1,Last Cheater's Waltz,T.G. Sheppard,Last Cheater's Waltz,last cheater s waltz,List of Hot Country Singles number ones of 1979,weekly_number_one_wikipedia
1979,1,All the Gold in California,Larry Gatlin & The Gatlin Brothers,All the Gold in California,all the gold in california,List of Hot Country Singles number ones of 1979,weekly_number_one_wikipedia
1979,1,You Decorated My Life,Kenny Rogers,You Decorated My Life,you decorated my life,List of Hot Country Singles number ones of 1979,weekly_number_one_wikipedia
1979,1,Come with Me,Waylon Jennings,Come with Me,come with me,List of Hot Country Singles number ones of 1979,weekly_number_one_wikipedia
1979,1,Broken Hearted Me,Anne Murray,Broken Hearted Me,broken hearted me,List of Hot Country Singles number ones of 1979,weekly_number_one_wikipedia
1979,1,I Cheated Me Right Out of You,Moe Bandy,I Cheated Me Right Out of You,i cheated me right out of you,List of Hot Country Singles number ones of 1979,weekly_number_one_wikipedia
1979,1,Happy Birthday Darlin',Conway Twitty,Happy Birthday Darlin',happy birthday darlin,List of Hot Country Singles number ones of 1979,weekly_number_one_wikipedia
