musicbrainz_mbid,mb_birth_date,mb_birth_year,mb_birth_city,mb_birth_county,mb_birth_state,mb_birth_country
1e2e2f63-f063-4a5e-9a02-e3d19f310256,,,,,,
a9b55d81-6931-4e26-a7c5-5ce7be0e76e9,,,,,,United States
a0e1f271-f25a-48d2-b652-4bfc33d6842b,,,,,,
1be3fa94-16a5-43bd-8371-3bdf042899f1,1963-01-01,1963.0,,,,United States
8131050a-89ad-424e-a94d-25269fe1f827,1935-08-31,1935.0,,,Texas,United States
d39f9276-32c1-4b84-9389-d77dbc3801ae,1993-01-01,1993.0,,,,United States
b7984d80-3e30-42d3-b34c-b6aeb258aa6c,,,,,Alabama,United States
3be4099e-f180-4038-af84-ae18a09eab02,1943-09-23,1943.0,,,,
e3d0da79-2006-472c-8338-2ea2e259058b,1917-06-15,1917.0,,Wood County,Texas,United States
d5e4bd64-a1a8-442e-82d0-9efe307119e6,,,,,,
539f6311-ef8e-4763-a57a-240c1fe2bc4a,,,,,,United States
022ab2c8-39b6-4a1f-9f85-90206e91ca3c,1966-01-01,1966.0,,,,United States
61234418-9671-44b7-bb74-43fc81a7852a,,,,,,United States
625618e2-5ed9-43b5-a771-e969d1ea7666,,,,,,United States
33d65833-ab7c-414d-851e-0d7a0bf6fe5c,,,,,West Virginia,United States
4c5d7f65-8811-40aa-bcc2-fd701d404779,1924-04-21,1924.0,,,,United States
3395d74e-5345-4210-92eb-3a51f1317bbe,,,,,,United States
b96c40bb-c66a-4298-8bfc-c3ff4b62bd25,1954-04-25,1954.0,,,,United States
b69916ba-1213-4a44-a9c2-087c8e26f400,1979-08-22,1979.0,,,,United States
94a8f7c3-a3b3-4f2d-9ada-b1e5c8f980e3,,,,,,United States
aa5f85e0-bd8f-49c9-9e8a-28befb49aa2c,,,,,,United States
52b19859-74d8-4952-87eb-0d8351281df7,1995-01-01,1995.0,,,,United States
cd8e2987-765d-4cd0-afc6-82a093443f47,1999-01-01,1999.0,,,,United States
3f6e3fe2-6f82-4246-a02e-c8496d848537,1911-01-01,1911.0,,,,United States
1af9993d-7410-46ca-a94b-14c2994f285e,1943-04-29,1943.0,,,,United States
84c8bc74-3069-48d3-ba17-c81a2c22b973,1952-05-17,1952.0,,,,United States
e380a07a-c62e-4928-9c6b-ddaab17647de,1981-05-31,1981.0,,,,United States
7a5e6a68-b4e3-4581-9631-197c67193a0e,,,,,,United States
126b4757-b6a9-4f3c-ac5d-40d43cef0d27,,,,,,United States
1d00f633-b16f-46b6-93a6-a2c21cd69177,,,,,,United States
d3889afd-e4d4-41f3-b548-09036264a2f4,2000-01-01,2000.0,,,,United States
9b674836-ff84-4c1e-9747-0958da34df27,,,,,,
cf6cdc5f-b0d4-40df-b65e-d8d6815d030d,,,,,,United States
1afcd7bc-c46d-46a6-af12-d95f1209dede,,,,,,
92359d0e-c336-4dd4-a859-7f0fc4056897,,,,Bell County,Kentucky,United States
e8d3d23d-f430-4c65-9d2b-ab16f1f4134d,,,,,,United States
b97912c5-c168-476b-b89e-070442d7d4f2,,,,,,United States
7cacb443-1ffd-43fb-9ea3-4001e426ac36,,,,,,United States
a26e9321-eb80-4fc9-90ad-cc2d3e022b4d,,,,,,United States
ea9403d9-9af6-4ae3-adfb-fa8a8440c072,,,,,,
8f0c7db9-6d1c-446b-913c-b5c6811ca6fc,1955-01-01,1955.0,,,,United States
e19065af-f89f-4ace-86f2-dc197fc23cf7,1921-03-19,1921.0,,,,United States
b2fd5ba9-2917-4fbd-911c-7ab9d3f0316a,,,,,,United States
f084d8a3-0480-4b25-a813-3481eb199052,,,,,,
d40217ae-f5ef-497a-ab91-bed5bece6285,,,,,,United States
6940201f-48c2-48f4-8aad-dc2a1f8e1df7,,,,,,United States
09d6cb8e-6eb0-424c-9d48-775bb0362d02,,,,,,United States
fbf04465-7c17-4abb-abc0-c9a210ad311b,1980-01-01,1980.0,,,Kentucky,United States
799f479b-b8dc-46b6-81ba-299dda173b43,,,,,,United States
7c61e5cc-e9ac-489a-ab7f-49145796a852,,,,,,United States
7bf4da99-0afc-43f7-b35b-016ad6fd5893,1988-01-01,1988.0,,,,United States
74319824-017e-48f1-a0f4-7eadb81975cd,,,,,Montana,United States
c0518f42-096c-4f30-9e5a-3425c8b69040,1949-02-26,1949.0,,,,
5a52a6e6-abda-4f22-9197-e4f6d5f42054,1946-03-12,1946.0,,,North Carolina,United States
c43ee0ce-aa77-43ae-b722-afac4bae3c62,1981-08-24,1981.0,,,,United States
dd435436-dd2f-43c3-8765-d5857420b969,1997-07-02,1997.0,,,,United States
681a173a-a18a-42a6-8136-3c0ef3d88036,1953-01-01,1953.0,,,,United States
a6744983-be90-41b1-8541-2d8719b03ee7,1914-02-18,1914.0,,,,United States
8e828427-ec30-4cac-a90f-e4a5701b71ab,1921-04-19,1921.0,,,,United States
8ca30ebe-a95d-49ed-9f3e-30212cdbb0cb,,,,,,United States
75159f5b-3add-451f-8fbd-d4c094462205,,,,,,
566d72bb-61fa-4f3d-94df-3455d91d3b1d,1927-07-27,1927.0,,,,United States
f736e04c-f5ec-4040-9772-873a57c89737,,,,,,
254001b2-3bba-4bed-bcdf-965e29454936,,,,,,
53da977f-740f-4439-94c9-c48a452c88e9,,,,,Virginia,United States
d1c998e2-3bb9-4dee-b4a2-028c459c0a8c,,,,,New York,United States
74ac19be-c6af-4631-b4f1-6145f5277d42,1993-04-25,1993.0,,,Illinois,United States
63fe933b-6618-430d-94e2-8d882a74f59c,1930-03-29,1930.0,,,,
cde60e8b-6c8f-493f-ba83-7615c4e61909,1987-03-25,1987.0,,,,United States
8e4f9aa1-c0be-4c38-945a-b34a2ddce905,,,,,,United States
7a1b4522-97f2-4581-bd04-7040ec420b7f,,,,,,United States
3bb92ae3-cb51-46de-8544-9054b47615d4,1892-06-15,1892.0,,,,United States
339973c0-fc0d-4570-bf95-07082a9c7e88,,,,,,United States
d0b87653-857e-4eae-b62b-77758e319838,,,,,,United States
f8331bc5-6983-4778-a4d9-576532e59215,,,,,New York,United States
09efb0b1-96b7-4ff1-bd2f-54bd064e17bf,1950-10-12,1950.0,,,,United States
8ac994b9-f4e0-4290-a194-c56c9ce79dae,,,,,,United States
d46e1612-6d83-484c-aafb-25da761cfb87,,,,,,United States
23acb999-d801-4953-a4d5-e26fbfb5300b,,,,,Oklahoma,United States
66691265-4c3f-4e3b-9d55-e5aaffa1eead,,,,,,United States
1b2329ff-461b-41bc-a01c-c3e565668226,1956-10-24,1956.0,,,Virginia,United States
7112bc03-d92b-40ae-9053-7f305fe7a878,1917-11-10,1917.0,,,,United States
f45da029-7b00-4bf3-962c-0eeb20309cc4,1967-10-26,1967.0,,,,
67a096f8-269e-43d8-ba83-72db02df1576,,,,,,United States
27daa602-f05c-4224-a780-968293b9542c,,,,,,United States
fde0588a-af4c-4308-9ea0-71faebeea3c4,,,,,,United States
11cbb56f-2846-488a-90aa-1ec7b93353f3,1985-01-01,1985.0,,,,United States
88527d26-7496-47c5-8358-ebdb1868a90f,1948-10-09,1948.0,,,,United States
87b43a2c-d41f-43ef-8584-9ab5553b6f86,,,,,,United States
3cfdd428-e5d0-408c-b8a7-5a149c89e6a9,1997-01-01,1997.0,,,,United States
f955bb6f-20c5-493d-93a8-fed2345bce93,,,,,,United States
b370b09c-1ea2-4b55-958b-00a1f81fc068,,,,,,United States
dd69b2f2-2e02-4d78-9b14-98c9f0e0223b,,,,,,United States
752e42c0-0f40-4541-8b02-5305976597b5,1988-04-12,1988.0,,,,United States
e91cc3d2-640a-4529-8d4f-9bf14f1257ca,1925-09-11,1925.0,,,,United States
34b08849-fe64-4938-acf9-bd9657f0be1e,1956-08-05,1956.0,,,,United States
ec531e36-150b-439b-9dcd-a6a01c36f44f,,,,,Louisiana,United States
840d014d-23f1-4dce-a669-d4824f448387,1973-09-13,1973.0,,,,United States
e89fde69-86f5-428a-acfd-b5952cb2c928,,,,,,United States
6c4f2492-9735-4514-9268-772ff35272ea,,,,,,United States
2f31d1fc-c853-4a42-a3da-5b36859b0c3f,1972-01-01,1972.0,,,,United States
5ed45b2e-3645-4c66-a73f-a69d3a2ff4b4,,,,,,
3657105f-780f-44dc-bb02-73be2dd2199b,,,,,,United States
e771bd35-e85c-4573-b442-eb3b1751f19a,,,,,,United States
bf240215-6ebe-4ac8-968d-3729bb3c30f7,,,,,California,United States
0e49ff40-02b1-4ca2-a3f6-2e6bd8b08e04,,,,,,United States
c4d681b8-b083-48d0-b6a9-44bd3774d64e,1969-01-01,1969.0,,,,United States
cd248979-bed2-4750-bdcc-58280e7ed709,,,,,,United States
8124e55d-2d3f-4e72-8ca6-5a89d9aa2c25,1904-08-28,1904.0,,,Texas,United States
1e47b9d0-14e3-4c73-9f05-06dfae15e7fb,,,,,,United States
fa41ce1d-f3ef-4bda-ad5a-a3c60eb60633,1968-04-19,1968.0,,,,United States
8f90f585-ffa4-48eb-af27-f19fd818367f,1936-04-24,1936.0,,,,United States
cf2040c6-6567-4f69-a8e2-85f655b907b1,,,,,,United States
efdacd9f-3776-447a-a8d1-7c16adb476b0,,,,,,United States
65287a2e-460f-4434-b4b2-d3d5c1f49d4c,1927-06-06,1927.0,,,Texas,United States
974cccce-9d4a-424e-9225-7e83c121c053,1991-01-01,1991.0,,,,United States
3f6c460c-8f06-4a8e-8293-83dc8859b859,1948-03-25,1948.0,,Lewis County,Kentucky,United States
edb28a29-912b-4a5d-a8d7-dda17c1f88a7,1984-01-01,1984.0,,,,United States
03f373ed-6739-49e2-8609-f0c1c0373762,,,,,,United States
5ce5607f-7746-43da-b423-35a66456812f,,,,,,
bbb59f60-4207-40e8-965c-04b9ac12d105,,,,,,United States
c884a0fb-ab3b-4b06-898f-f5cb9b816ad4,1979-04-24,1979.0,,,,United States
80f73e04-0558-46b9-8170-6ca41118e115,,,,,,United States
ee55707b-1ee5-4e84-9dc0-09fb555aa3ea,,,,,,United States
85ab6424-c076-4b23-acab-68621e2f6527,1902-12-25,1902.0,,,,United States
623ecac1-6a50-416c-aa11-67d5eec93368,,,,,,United States
6b639387-fa80-4b55-a8af-51ebff8bd6d4,,,,,,United States
15921b8d-f53a-45cb-b00b-623f63fd021a,,,,,,
88be6065-91c5-409f-aea2-8c39a333d59c,,,,,,United States
2c890ef7-78af-4a8c-862c-79a384e75012,,,,,,United States
d2c62f01-7d38-49db-91b6-524d0cd8a018,,,,,,United States
5d552624-e54c-49da-bebf-82e881d7175a,,,,,,United States
e6bfc564-1102-4614-9dfa-01a55a09b90d,,,,,,United States
9006ba3d-5ada-40c5-97bd-235610e2262a,,,,,,United States
b3a3fd76-20bb-4276-bd1a-e09c89116074,1954-01-01,1954.0,,,Pennsylvania,United States
0aed69f3-585a-424b-ada2-df6b47137ea5,1976-10-19,1976.0,,,,United States
fd2422fc-d77c-47d8-b52f-5cef7362b12c,,,,,,United States
c887b2d9-4e6a-4245-9e15-5c5f1b0c5b45,1978-07-14,1978.0,,,,United States
e0039f6b-ea44-4ec1-9682-54a5d0afc548,,,,,,United States
1cab3efa-3f04-4d2a-b8db-08d745ec7150,,,,,,
ccb4df5d-9987-42c0-9f0d-51a67db6f563,,,,,,United States
1bfbfd1d-8a83-4465-8364-25a0ecbe765c,1915-12-18,1915.0,,,,United States
72d2efc4-9700-429b-9c78-412d80b21a21,1940-07-23,1940.0,,,Colorado,United States
088e9c9c-a431-460c-9ea4-539654ae0a51,1948-03-28,1948.0,,,,United States
a92513ca-e28c-4cd0-b063-fb08bba1724c,,,,,,United States
4d000eab-2d3e-4046-8021-fe3ddf9de67f,,,,,,
f8a57783-99ca-48f2-8937-86d7e9c81792,1915-06-23,1915.0,,,,United States
7a140654-670e-4019-991b-3e85ca6bbeca,,,,Jackson County,Missouri,United States
76e78b58-f301-4975-8058-7f84d8360738,1998-01-01,1998.0,,,,United States
0ee34caa-31c3-4b34-9fa1-5efec8b5fefb,1930-07-18,1930.0,,,Oklahoma,United States
5aa3967d-192c-4186-a834-8284818f088e,,,,,,United States
4db53d26-7822-4eaa-b2a7-a88c12bfcdf6,,,,,,United States
ec4f119f-f02f-41bd-9643-9bf8f6486356,1976-01-19,1976.0,,,,United States
085673ab-d214-45f8-a1a8-35b74072e561,,,,,,United States
fb8b8072-b7f1-482f-a755-f12826dde940,,,,,,United States
4251f77e-0eff-438d-a6be-479782aa20df,,,,,,
24a3340f-afeb-4265-bef7-00cd1bd1a096,1981-01-01,1981.0,,,,United States
af20bc05-89d1-4390-b4f1-2080a341a6b6,1966-05-27,1966.0,,,,United States
67219bfa-74e1-4864-b86f-0d701794e2d5,1947-01-21,1947.0,,,,United States
1dd4dc69-e70e-4d58-89eb-28bc4e22019d,,,,,,United States
fa7cc2f6-6ae2-4501-b6ad-b7882d3aabd4,,,,,,United States
944834a1-2da3-4679-a03b-ce05d8339a09,1985-05-09,1985.0,,,,United States
24ff3a8a-df96-4d46-ac99-b3e989d3ae14,1965-06-13,1965.0,,,,United States
21e43e98-5820-4068-8a5f-2056992a9260,,,,,,United States
42300025-2a25-410c-94f3-be9d2797b652,1976-10-11,1976.0,,,,United States
e7793ca1-282e-4a70-bed9-d9e26d135828,1947-09-19,1947.0,,,,United States
2cee0cfb-cac2-423f-8746-ec7a70e92278,1940-07-15,1940.0,,,,United States
708f3d27-b561-4b6f-98ed-4a75a6437afc,1968-06-27,1968.0,,,,United States
d4b3138d-be55-4c4e-bf49-33ca8b40371e,,,,,,United States
dd9dbade-17d3-4a29-b3eb-d49210319a59,,,,,,United States
d443e53b-7238-4aba-8774-54164fca2f7b,,,,,,United States
fa6fd547-a949-48c4-aa97-c56df649e80f,1985-05-16,1985.0,,,,United States
5b73e02f-01f0-4c91-b19e-c2b3a76288f7,,,,,,
c8c3201c-dbaa-41b5-af1b-c9e97dfb79f4,1971-04-15,1971.0,,,,United States
ffe0411b-4b3d-496b-82eb-da2623139e33,1950-01-01,1950.0,,,,United States
62bf746a-2bf2-40c3-b195-6bcb10eb7fbb,,,,,,United States
1ba9beca-2d71-409d-90a9-6ec1b3eb17e1,1978-01-01,1978.0,,,,
5f0892e3-62f8-4d0e-9c88-0d3ebd0d6a26,,,,,,United States
f08e497c-f489-4957-bcbf-ee2a9f0ff5c2,,,,,,United States
14ddccc7-896e-4c96-a36d-08830402fd93,,,,,,United States
5f549372-3e08-42aa-ad67-0d3c60e1b86d,2009-01-01,2009.0,,,,United States
ea483cd9-ff70-456d-8874-b826931b6e99,1995-07-31,1995.0,,,,
30fb2ca9-28b8-4ed3-b075-1b8ebe7dd0c5,1994-05-23,1994.0,,,,
ff30e98c-75da-4e92-819e-31670eba8bd6,,,,,,
0f0aa25b-e6ea-4701-aab8-f9e52b3968f3,1993-03-22,1993.0,,,,
81551a7a-7cae-46ad-a785-3468f8f4eadc,1995-09-25,1995.0,,,,
faabb55d-3c9e-4c23-8779-732ac2ee2c0d,1965-08-28,1965.0,,,,
133fd324-e2f8-4272-973b-30ac6a943d0f,,,,,,
be96eda1-7e36-44f6-affe-80780400fae0,1959-01-01,1959.0,,,,United States
507226f4-0842-4f43-950e-81a7017230ec,2000-01-01,2000.0,,,,United States
3248ed2d-bada-41b5-a7b6-ac88faa1f1ac,1989-01-01,1989.0,,,,United States
8e62c71f-7bd8-418f-8c63-a0b2597e23da,1959-01-01,1959.0,,,,
43e088bd-2520-4a84-bb8e-827c86d2cf84,2006-01-01,2006.0,,,,United States
140e9563-f6ca-4545-8b6e-384eb6d3cef2,2014-01-01,2014.0,,,,United States
e2f526c6-09ed-4ef3-aa05-452eb12ff192,1986-09-06,1986.0,,,,
407592bd-6b6e-4803-80fd-f17e59446734,1992-01-01,1992.0,,,,United States
c0171478-1e95-4b19-98d6-b4cc6770365f,1972-01-01,1972.0,,,,United States
33cf3954-10af-4dcb-985f-9420d1fa4168,2012-12-01,2012.0,,,,United States
26153021-5c06-403d-b8a9-2f06f19090c1,,,,,,United States
3ca374f1-66b4-43c5-a61a-5f65f0ed7bb1,1972-07-21,1972.0,,,,
d24310f4-64fd-442b-8b3e-11d4f94ff9f3,1995-12-20,1995.0,,,,
c0b6ccb6-fb87-4594-98fb-370120d2b6e8,1974-01-01,1974.0,,,,United States
71901c51-f0cb-4bbb-ba41-337f26234556,1980-09-11,1980.0,,,,
babbf1e4-aac3-4338-a554-c3d48cf20034,1986-11-21,1986.0,,,,
15843a2d-55a6-4849-b333-42508a60a23a,,,,,,United States
bc8f68a3-9f43-491f-93a0-b8c19d801a27,1956-01-01,1956.0,,,,United States
4165a914-889f-415c-b355-1462457a026c,2005-01-01,2005.0,,,,
ce4217a5-e713-47d2-a10c-c6286753f384,1996-01-01,1996.0,,,,United States
c16817df-0160-490d-a437-c128cbca9218,2010-01-01,2010.0,,,,United States
1dff5d68-4ca8-4284-a181-b015e9a30cec,1993-03-29,1993.0,,,,United States
4a8ae4fd-ad6f-4912-851f-093f12ee3572,,,,,,United States
71b29def-bf79-4a06-bb1f-7210d505805c,1938-05-13,1938.0,,,,
0eedfc95-e79a-4fd9-832a-cd816a0b3fda,2006-01-01,2006.0,,,,United States
61f322a2-c293-4b25-8e5f-bd00611668d0,1989-05-12,1989.0,,,,United States
4f7a0bb9-d251-4fa3-a4bf-ebd6c9c4710f,1981-06-09,1981.0,,,,
5c846321-b4ec-4e55-9bce-1a5636f52fc5,1978-04-19,1978.0,,,,
cf8b6ab7-e1e1-44e5-8a1d-f45f6896a9b4,2016-01-01,2016.0,,,,United States
43858c0d-b309-4459-b6d9-c590810620af,,,,,,
077f78ec-54db-4487-b572-e8b555a5b241,1972-10-27,1972.0,,,,
8077aea3-4b19-4c89-b6b0-4d92c4017278,1990-01-01,1990.0,,,,United States
a793f852-573b-4c2f-85be-bd5a1efc41c2,1984-12-31,1984.0,,,,
9f0b16ba-d2be-49be-8f37-4a96a17cf863,1997-06-09,1997.0,,County Down,,
72359492-22be-4ed9-aaa0-efa434fb2b01,1969-03-26,1969.0,,,,United States
442033f6-fa93-4ced-84a7-52f45617a15d,2000-01-01,2000.0,,,,United States
4cd93c63-911b-403b-b832-b4018369ee04,2010-01-01,2010.0,,,,United States
55daeec5-3f2f-4d61-b51e-0c6a30241b9e,1975-08-12,1975.0,,,,
49ed7104-0cec-4dd3-ab1f-e7c28fd27327,,,,,,
48db3bb1-2926-4658-9f48-cf1fdd660865,1968-01-08,1968.0,,,,
1785d680-3bc2-4967-b1ff-fa73e9bbf83f,1968-01-01,1968.0,,,,United States
fa1d45af-ceeb-445f-afe2-65308eef7780,,,,,,United States
0e286b3e-0971-44d4-bb5e-5f55dc1d711a,1969-12-22,1969.0,,,,
36ec3cbf-fe4f-419f-840a-aed9afdf0250,1927-06-13,1927.0,,,,
54f855b3-e958-46c3-973d-d4536250a652,1966-06-03,1966.0,,,,United States
41beca5a-30ec-44a6-8387-925d236b79d3,1970-08-27,1970.0,,,,
3f7e545b-8c7c-4469-9fa8-59f6e90796b4,,,,,,
205f5600-1d29-419a-983e-4ecc13105ecc,1992-10-19,1992.0,,,,
d983ff62-9469-4e0b-a1b8-464974eba541,,,,,,
42f892c2-4f32-4380-8c14-dad3e926d840,,,,,,
ef9185ff-eff6-4d1a-bbd9-84fe20f1ef63,2018-01-01,2018.0,,,,United States
8f918972-81e9-43a5-80a4-d244a42dc5b2,1945-01-01,1945.0,,,,United States
7b01f6bf-8ca4-4b85-9df0-d0b1be0fed8c,1946-02-10,1946.0,,,,United States
7f98cb2a-9b68-4b3d-9acf-e858694a3396,1994-01-01,1994.0,,,,United States
5d70af6e-22e4-4a12-a12b-5c71204a5480,1924-03-28,1924.0,,,,United States
885e66f0-8485-451d-9893-5552260b788d,1968-01-01,1968.0,,,,United States
e0c38793-9fd5-4824-b30d-78e47c2a3149,1949-09-29,1949.0,,,,United States
4c789e58-2e4c-4167-b881-79aec362824f,,,,County Meath,,
dd5fb19b-e685-47b2-bc4c-9535c58c08b6,,,,,,United States
b3ddbf06-392d-41f8-b1d3-080edee320af,1965-07-13,1965.0,,,,United States
c85360c9-7b7f-4cb2-a541-bff275020b9e,1990-11-11,1990.0,,Sumner County,Tennessee,United States
f7494ea2-212b-4f01-9429-b0e5e4b26fa4,,,,,,United States
bc48ca9d-b28d-4822-a27e-f176afd3b633,,,,,,United States
eddfe0b7-5b6c-44a9-9b14-9dceddb5d3e7,1953-06-23,1953.0,,,Oklahoma,United States
66980f96-2716-48e6-88c2-cbbb81b8e888,,,,,,United States
4e32a669-b8f9-444d-b7af-fdebaecd6772,1878-10-31,1878.0,,,,United States
ed7173c5-f17a-41f9-8ff2-636b44a7276a,,,,,,
41e03cbd-acbf-4d4e-8ed4-218c144de359,1966-08-29,1966.0,,,,United States
433e715e-1eac-47e6-815f-93797cfab7aa,1967-01-01,1967.0,,,,
6e0ae159-8449-4262-bba5-18ec87fa529f,1999-01-01,1999.0,,,,United States
fc45fb05-bf2b-43ac-b66d-aac3e0287b0a,1962-06-15,1962.0,,,,United States
8e089671-5e1c-4467-9983-ea4e7fbab4f1,1950-12-07,1950.0,,,,
9f6ebe31-fc8c-4fa8-a5b2-511a641263f8,1984-03-08,1984.0,,,,
65b72a96-123e-4182-a467-4d60b3b638c1,1929-12-24,1929.0,,,,United States
80936981-aadc-45b2-a5b1-cf9542a1e394,2007-01-01,2007.0,,,,United States
8fec36ae-abfa-4ab9-bd48-87f42203255b,2004-01-01,2004.0,,,,United States
c18472c5-67ce-4d38-9fa3-d5bc2ef856e8,,,,,,United States
d2ccb26b-b3ef-4e12-a336-f07c1bfa00ef,2005-01-01,2005.0,,,,United States
5ab1932a-1a7f-4723-af17-182786db6879,,,,,,
b265389c-32a8-4ad4-ae8e-69e5ff247d34,1945-09-01,1945.0,,,,
252b5d32-5bd5-4cae-9d48-6aafa2145c33,1975-01-01,1975.0,,,,United States
f30118c5-f783-4969-8427-f3c096378267,1988-01-01,1988.0,,,,United States
b7d91b37-4639-43d4-8334-fdd1a7a32e08,,,,,,
86054389-bc34-4008-b00b-38ef1a1ad988,1985-04-17,1985.0,,,,
21e68cc5-1295-4b66-8f4d-6ba58d63f78c,1989-01-01,1989.0,,,,United States
db15e7aa-7b0b-400a-b8e3-dcb17e646e4a,2014-01-01,2014.0,,,Maryland,United States
2339bc21-aa92-4850-86f0-4bb9433910c8,1982-01-01,1982.0,,,,United States
a7e00a08-01b6-4f85-bed3-6ffc852af2f6,1993-01-01,1993.0,,,,United States
1159e0d0-a782-471a-9dae-93ac046eac72,1986-01-01,1986.0,,,,United States
46a782ea-4308-476b-abd1-a91b197f3037,1969-01-01,1969.0,,,,United States
94b0fb9d-a066-4823-b2ec-af1d324bcfcf,1964-01-01,1964.0,,,New York,United States
77029a1c-76fa-4350-a1a8-dacc10230b6f,,,,,,United States
82cd001a-150d-45b1-aa21-42ba0065dd42,1984-01-01,1984.0,,,,United States
c646288c-08aa-409e-a941-815af11108ca,,,,,,United States
e25cd93f-ad96-469b-ac96-6d0e54a14665,1988-07-22,1988.0,,,,United States
7ced8df6-d27a-4a05-9501-1804402b1cc1,,,,,,United States
568045b3-c3cb-4100-9bc5-ef9cdcebe643,1972-01-01,1972.0,,,,United States
bbaa7a18-98ff-4540-9973-8f8340a83d3b,1958-01-01,1958.0,,,,United States
51e90731-08c0-4f60-89b6-5b78e5844de8,1996-04-02,1996.0,,,,United States
4a3460de-c982-4d86-89ae-1e3baa66df52,,,,,,United States
b91c664b-5eee-4536-8b70-b1f2be519ac0,1987-01-01,1987.0,,,,United States
63c5e98c-0b24-4939-ad8c-f6ed235b7980,2006-01-01,2006.0,,,,United States
c17f8b94-759f-4b13-8666-2ad2a215722a,1957-01-01,1957.0,,,,United States
29c91854-8c45-469b-b36d-a11fb650638b,2009-01-01,2009.0,,,,United States
2d67f7f4-1e85-4278-bac6-424e6204a8b9,1967-01-01,1967.0,,,,United States
f68b47aa-a7e0-4e2e-bf6a-f6e23e88fec8,1972-01-01,1972.0,,,,United States
c48d4327-8122-4286-af66-05e1ee6ac4d8,1988-01-01,1988.0,,,,United States
2aab61bc-67f4-4722-8c6e-e1821b2e32a6,1980-01-01,1980.0,,,,United States
d202b936-2de4-4357-8760-f61949f8855c,1957-07-04,1957.0,,,District of Columbia,United States
69421e11-e4c3-4854-951b-ceab4972e38e,1996-12-01,1996.0,,,,United States
f0433178-6b43-4a2c-86e1-bbfeb296cdf1,,,,,,United States
88ad4c96-34e9-4fab-9e36-62739ad42048,,,,,,United States
bdd2de9c-dd7a-4641-8cf8-8dd7d23577f2,1930-10-04,1930.0,,,West Virginia,United States
1c7b3786-b99a-40ab-81e4-f3056da19e13,1960-01-01,1960.0,,,,United States
d8e41375-bd8d-4e39-9da7-f0c171e97086,2009-01-01,2009.0,,,,United States
0c3b83a4-1398-4e68-b855-8192e2c707c3,,,,,,United States
0e763b87-f3cd-4a63-986f-bebc4189f1f0,1979-01-01,1979.0,,,,United States
2017acdf-899e-4db3-a237-06696d8af58b,1983-01-01,1983.0,,,Louisiana,United States
8e25c013-829a-45dc-bc97-0876c94b0f29,2017-01-01,2017.0,,,,United States
d01973d4-e4dc-4f4d-a8a7-bc93d139969f,,,,,,United States
eeb1195b-f213-4ce1-b28c-8565211f8e43,1985-03-01,1985.0,,,,United States
4f416ed7-dda2-45de-a6f1-b986e861cf4b,2001-01-01,2001.0,,,,United States
d7bf8ced-b319-45c7-a515-9744771d6b1e,1976-01-01,1976.0,,,,
42b93918-afa2-4f77-b231-b1244606900d,1948-01-01,1948.0,,,,United States
846cdb90-81a6-4c05-a7dc-9dd075f0db9e,1991-01-01,1991.0,,,,United States
f87b740a-c22b-4fae-9987-1f3e16f840c4,2002-01-01,2002.0,,,,United States
d1da3f8d-3b16-468f-a1b2-9a8d9b138bc6,1984-01-01,1984.0,,,,United States
027ec840-cc71-40a5-a325-146388c32fff,1975-07-01,1975.0,,,Ohio,United States
1a4602c1-3324-405c-91bd-7c3bb8e99603,,,,,,United States
26d08d41-c6a9-4604-8e8c-0b43ab87cc1b,2016-01-01,2016.0,,,,United States
0a176d0a-ef46-4e7f-b018-9f4d65614668,2000-01-01,2000.0,,,,United States
d12dfadc-585a-4a5f-8600-05bdb3c51add,1937-06-29,1937.0,,,Missouri,United States
fdb40275-50df-4894-8481-573e86956e81,1994-01-01,1994.0,,,,United States
91dad7e7-0bf6-47e8-bd42-ef1fac32c729,2009-01-01,2009.0,,,,United States
e9aed5e5-ed35-4244-872e-194862290295,1999-01-01,1999.0,,,,United States
1c893468-37a9-4fb7-909f-929751a8ebed,1968-01-01,1968.0,,,New Jersey,United States
fc20ca3a-5fb5-475c-b151-516829c14d9b,1980-01-01,1980.0,,,,United States
2d7d0a67-ae5d-4ac0-93aa-aa52ef3a976a,1992-01-01,1992.0,,,Maryland,United States
3d2b98e5-556f-4451-a3ff-c50ea18d57cb,1970-01-01,1970.0,,,,United States
49075960-65fc-48b1-b507-291f2387e449,,,,,,United States
cbf71c15-17c2-484f-8406-cfce12fd3e46,1985-01-01,1985.0,,,,United States
3020be1d-3c41-4e42-911b-ca5e96489300,1989-01-01,1989.0,,,,United States
03705b93-42e1-4ee6-87d4-a6823736be7a,1928-01-01,1928.0,,,,United States
28b6ce62-5e14-443c-80b4-ebb8e04936e1,1973-01-01,1973.0,,,,United States
3ca0ef91-3297-4ef8-a99a-1c1a54dc8ac7,1988-01-01,1988.0,,,Virginia,United States
328676f3-76ac-40df-b154-31e6f533286a,1977-01-01,1977.0,,,,United States
5c01e170-1302-4e75-a10c-d9e440b0c68f,1982-01-01,1982.0,,,,United States
e47d9558-cb0c-4aad-99b8-01e74e816bae,,,,,,United States
8295499e-808a-4e10-9e91-2df00d9c1a72,1967-01-01,1967.0,,,,United States
f8656e00-f35c-4712-b0e1-0855764eeaa4,1959-01-01,1959.0,,,Virginia,United States
39e92581-e59d-4070-b157-abadd9969f3f,1995-12-01,1995.0,,,,United States
ea4dfa26-f633-4da6-a52a-f49ea4897b58,1980-04-05,1980.0,,,,United States
f2dd0909-e050-4f30-b3a9-4db92f7f3c74,,,,,,
96c1edac-1011-4cb8-882c-27248de35071,1976-01-01,1976.0,,,New York,United States
6898dfc7-7ddd-418d-95b4-863d668897dc,,,,,,United States
29c5b1fb-5dcc-4499-b225-4ceeeb8a73d1,1927-07-31,1927.0,,,,United States
7e7e9fe3-69d9-407e-b5d3-a4906ca73740,1996-01-01,1996.0,,,New York,United States
fe635a14-5b53-4210-a58e-88b9f1327aa3,2006-01-01,2006.0,,,,
fb821608-35fd-4a45-a4b2-1a0537cee111,2006-01-01,2006.0,,,,United States
d1ab8ca8-fb9f-4e78-a422-3cd5406dc0b1,1991-01-01,1991.0,,,New York,United States
64c8fe79-1f93-483f-aace-b6a6e379e7d2,1969-01-01,1969.0,,,California,United States
f467181e-d5e0-4285-b47e-e853dcc89ee7,2001-01-01,2001.0,,,New York,United States
6a9b6b8e-7084-45a7-b175-3bcc0143966b,1986-01-01,1986.0,,,New York,United States
ecbd1331-95b6-4a77-b739-b4bd8ef222a7,1994-01-01,1994.0,,,Missouri,United States
249eb550-505e-43ef-ac50-e8c605706ff1,1985-01-01,1985.0,,,,United States
ee3c663d-1949-4544-ad52-aa00f9854e87,1983-01-01,1983.0,,,,United States
54a3266e-cae3-467e-8697-9039a5add4ff,,,,,,United States
a0955511-1324-4e9b-834f-e1e140502850,1989-01-01,1989.0,,,,United States
0a3386b0-9634-40bf-aab4-4999dcad0e6d,1982-01-01,1982.0,,,,United States
b2b3eed6-d9b2-4d1a-bf9b-0160e401720e,1964-01-01,1964.0,,,,United States
c33c2065-b1c3-4406-b066-d33a9e2ea71a,2004-01-01,2004.0,,,,United States
b3b5ceef-0d3e-4191-a621-5e97d6ed3d97,1954-01-01,1954.0,,,,United States
50e68a47-b6e4-4178-84d5-8955206a0b7f,1989-01-01,1989.0,,,,United States
9639cd52-c351-4a17-9797-58880e95a7ef,1991-01-01,1991.0,,,,United States
1f16a425-2606-4137-a6b7-234b6dabe037,1998-01-01,1998.0,,,,United States
a587390a-db69-4ba9-9d7b-3afa13aefc6a,1994-01-01,1994.0,,,,United States
75cdc7ad-63b6-48b3-8de2-617d08a9ddf8,1968-01-01,1968.0,,,,United States
d98c8149-0c01-4151-93e1-48fdc3d5027f,1986-01-01,1986.0,,,,United States
95c043f1-0bdd-403a-b714-663908d7e4fc,1987-01-01,1987.0,,,,United States
1a48176d-1414-4a18-9792-50ba585d4d59,1968-01-01,1968.0,,,,United States
b3120863-d98d-4bad-a637-8abd8cde6685,1989-01-01,1989.0,,,,United States
1599e3a3-240b-4f4b-805e-aedfdc8c3861,1943-04-08,1943.0,,,,
5a54b72e-bfb3-4ca6-944a-e17261399965,1975-08-01,1975.0,,,,United States
9ce0515d-cc88-4df6-8a2e-d231c13cb2c2,2006-01-01,2006.0,,,,United States
bc34ccd3-cecb-42af-9c2e-8f7e1f9db349,2012-01-01,2012.0,,,New York,United States
aa0b8b75-714f-465e-9d66-c54c17247f6f,2007-01-01,2007.0,,,,United States
d1644dce-5c33-4dcd-8fc5-72003fdc89d5,2000-01-01,2000.0,,,,United States
24ed5b09-02b1-47fe-bd83-6fa5270039b0,1985-01-01,1985.0,,,,United States
f61ee33b-7af7-4b8c-97ee-e367db596b4f,2006-01-01,2006.0,,,,
28c07254-aeae-42ad-beea-67f59c3c8baf,1976-01-01,1976.0,,,,United States
5cfc3a52-c3f8-4086-9198-81a21079024a,1936-12-08,1936.0,,,,United States
b411483b-e9cc-4b4f-9661-0452333c615a,1961-01-01,1961.0,,,,United States
f54fc7c3-3a40-4f26-83cf-328d9b097e93,1980-01-01,1980.0,,,,United States
c826bda4-4f4f-4746-81ba-5f66ac9c95e5,1965-01-01,1965.0,,,California,United States
02fc841e-489f-4679-aff0-08fcfea1f381,1987-01-01,1987.0,,,New York,United States
3ac87d22-58ae-49e6-a4e8-59f1f9207686,,,,,,United States
c544ed4d-2390-4442-a83e-1ea2883b09c8,1964-01-01,1964.0,,,,United States
1f6fdb90-95a2-419e-9994-b406d562caac,1969-01-01,1969.0,,,Illinois,United States
26e3f00a-7031-46c6-9ac2-334a2dd5bbcd,,,,,,United States
298f4089-1948-44b5-b5e8-d5381f42362f,2008-10-22,2008.0,,,New York,United States
24485e82-cfc6-40ff-b491-1f788089e281,1934-07-07,1934.0,,,South Carolina,United States
6fa09822-bbe4-4ff8-901d-4a39a4dd82e9,1988-11-01,1988.0,,,,United States
91c108c1-9103-4d55-bbe6-f21394808b75,1944-01-01,1944.0,,,,United States
bb0df069-702b-4518-b17e-0bd64045b1be,1988-01-01,1988.0,,,New York,United States
f6388f82-5425-4c6b-94f3-590183d92e9a,1932-01-01,1932.0,,,,United States
64b85bbd-7ec2-4db3-922c-cea695e7edff,,,,,,United States
9caa5639-5037-4e45-bace-ebb992331a0c,1964-01-01,1964.0,,,,United States
381e8434-109a-439c-8acc-5d328359f2e0,1990-01-01,1990.0,,,California,United States
b9a06530-1241-4162-836f-7b8e79deaa58,1981-01-01,1981.0,,,,United States
0039c7ae-e1a7-4a7d-9b49-0cbc716821a6,1997-01-01,1997.0,,,,United States
5ccb5844-fe82-4af4-b9b9-7341c83d83d2,,,,,,United States
58a53082-a629-4ff1-a44d-7492d6f6e8fb,1984-01-01,1984.0,,,,United States
32b90c92-9978-4a07-90eb-caa4b22f4907,1998-01-01,1998.0,,,California,United States
6ffc45c3-069a-4ece-b3f5-54c14d139d91,,,,,,United States
66752368-2698-4c38-9be3-b7be18bb02f6,,,,,California,United States
e01755e3-58ab-4a5b-a9e9-a0a3bd3dff4c,2010-01-01,2010.0,,,New York,United States
4167b497-1ae5-4502-a8e6-e1546ffbe514,1966-01-01,1966.0,,,,United States
27a8ce8c-4e41-4a56-ba65-3a82662c9af9,2004-01-01,2004.0,,,New York,United States
8444928a-9292-4b69-ac50-3e9b44cfa8de,1980-01-01,1980.0,,,,United States
742ac24e-d1cd-48c5-8a4b-684fd3d84ddb,1958-01-01,1958.0,,,,United States
192f7a3f-ec32-4eae-b8f6-3bc430bd763c,,,,,,United States
9ada6fba-df61-4849-9f39-eec9be772b22,1974-01-01,1974.0,,,,United States
b1eeccbf-7611-44be-a1e4-778351782158,1952-01-01,1952.0,,,,United States
57f8b134-81fe-4607-9b07-9769f2e0a186,,,,,,United States
adf57be4-b0cc-460b-9a07-62da74c90135,2008-01-01,2008.0,,,New York,United States
4a18f60f-7aa9-4476-8d0f-84981d8ccb60,2011-01-01,2011.0,,,,United States
8cca0d65-084a-402f-b72b-320e257a211a,1930-01-11,1930.0,,,New York,United States
191d386f-8747-4cb3-aaa8-7236e8347b35,1981-01-01,1981.0,,,New York,United States
48be7fe0-be60-447a-925f-fd3bb45f9b10,1935-08-19,1935.0,,,Louisiana,United States
913cd338-9439-4106-ab5f-76f98c48daee,2006-01-01,2006.0,,,,United States
c926a04a-df7f-43b0-8e5b-8976ab4d3e8f,1991-01-01,1991.0,,,,United States
59b0f5da-cd35-4ec7-a4a8-74d7aa7948b7,1957-01-01,1957.0,,,,United States
e9a4a145-e1bd-4384-ad26-b344205dd9df,2000-01-01,2000.0,,,,United States
ae2d4af4-6b37-42f9-80d3-052ee958515b,1979-01-01,1979.0,,,,United States
766a2b45-441f-4096-af05-dbbca9518c9d,1994-01-01,1994.0,,,,United States
8b604d4b-1170-4225-bc9e-d8276d94402e,1940-07-04,1940.0,,,Alabama,United States
219ce30a-0f3a-468c-9a13-55ee358ac0f0,1964-01-01,1964.0,,,New York,United States
1154b8aa-1cc1-4b01-afff-eca45ae590fa,1977-01-01,1977.0,,,,United States
3452655c-831e-4552-935a-729129df92da,1965-01-01,1965.0,,,,United States
4de3cfed-b459-42bd-bfbb-7a843fbc73df,1987-01-01,1987.0,,,,United States
88044f02-113a-4176-b09b-b786ef6ffbb4,1965-01-01,1965.0,,,New York,United States
a0327dc2-dc76-44d5-aec6-47cd2dff1469,1991-01-01,1991.0,,,,United States
c9b3bf7f-e237-4d43-be6b-02bf59b99f90,1970-01-01,1970.0,,,,United States
ccac9539-a322-4c8b-9d74-fcdd9ae77a0e,1987-01-01,1987.0,,,,United States
c1c02051-0305-4095-8817-30df19c0b79f,2014-01-01,2014.0,,,,United States
6def3fa9-836f-4b50-8815-b96cc92e63b8,2002-01-01,2002.0,,,,United States
a66ebddc-ff04-46b8-820a-15c63e80dba1,1997-01-01,1997.0,,,,United States
c5c2f1bb-09db-429f-8f77-ed9dfe39a36b,2000-01-01,2000.0,,,,United States
cbce1173-4ee0-4d1b-a955-575698753c4c,,,,,,United States
ebfc1398-8d96-47e3-82c3-f782abcdb13d,1961-01-01,1961.0,,,,United States
b7834ebd-64ae-46c3-a930-2d3a52ee743a,2000-01-01,2000.0,,,New York,United States
cff77480-7ba4-4206-b1a8-e1b98b38f07c,1991-01-01,1991.0,,,,United States
25441822-c48a-4c46-af6f-fb03339d03bb,1991-11-18,1991.0,,County Durham,,
554084b8-72d6-475a-b304-4b69fee6ab66,1924-01-07,1924.0,,,,United States
5cbef01b-cc35-4f52-af7b-d0df0c4f61b9,1981-01-01,1981.0,,,New York,United States
99fe4613-84ec-4f48-bb4f-f036880ed2ac,2002-01-01,2002.0,,,New York,United States
365144f7-85af-4c83-b24b-b1d0b26160bb,1989-01-01,1989.0,,,,United States
b665b768-0d83-4363-950c-31ed39317c15,1972-01-01,1972.0,,,,United States
6413506f-e22b-412c-9f19-239db7df21f2,1998-01-01,1998.0,,,,United States
547bcf4d-f125-471a-b615-a9aef7385922,2013-01-01,2013.0,,,,United States
109958eb-a335-4c5e-907e-597ff4c6af46,1959-01-01,1959.0,,,,United States
45d29fa5-6e8e-4e40-a519-2217f332bcac,1996-01-01,1996.0,,,,United States
d3982e3f-39b5-4b1d-8374-a428c466099d,,,,,,United States
3b141e34-8c02-4074-b68a-7d64e3212acd,1993-01-01,1993.0,,,,United States
f6f3a309-9d14-4b7c-895a-166333c25f9c,1964-01-01,1964.0,,,California,United States
9a22fc7b-ad7f-4c70-9e0f-4d40cd7562cd,1992-01-01,1992.0,,,Colorado,United States
30480808-4c03-432c-9e94-dd3b12d4e127,1995-01-01,1995.0,,,,United States
6f191c70-1345-4ea5-b7af-5db9ee50d7c0,1985-01-01,1985.0,,,,United States
ad3a1b29-ac6e-44c0-bd96-8b561bf5dcd7,2010-01-01,2010.0,,,,United States
2ad8bce1-8e55-48db-82ed-d98b52a3a13f,1991-01-01,1991.0,,,,United States
6b55530c-efc2-46e1-9703-d9c08cacf6af,,,,,Maryland,United States
3e87e07c-1525-4f61-baa3-22eb79b6cc85,,,,,,United States
24558e81-eb3f-4062-ab6a-df3773c9b09a,1972-01-01,1972.0,,,,United States
ce0a5b20-7485-4074-85c8-bdb6a3668d12,1979-01-01,1979.0,,,,United States
b4375768-3c8b-46e7-b578-c920ccfe725f,1968-01-01,1968.0,,,,United States
1089f50b-10c3-47ef-8b21-b0b899c827d8,1945-01-01,1945.0,,,,United States
9fa07bb4-8312-4cd7-a19a-4fdbc5797148,1998-01-01,1998.0,,,,United States
0ab2c12c-5032-4bc4-86f2-92fce0e6c1fd,2001-01-01,2001.0,,,California,United States
e10cbaee-3952-4935-b915-5957511891df,1967-07-01,1967.0,,,,United States
94d457a5-b86b-49bd-90f1-c2e601f6da52,2009-01-01,2009.0,,,,United States
148ddea2-6839-4354-8e2c-5dfadf136b7f,1994-01-01,1994.0,,,,United States
2d3fb8f4-a577-44c3-acb2-c9d09d979f90,,,,,,United States
db44f6a6-26d2-423f-8514-da4cfa7412a6,,,,,,United States
d6997983-ed14-4e3e-b9da-89062bfb3f9d,2000-01-01,2000.0,,,Colorado,United States
98cb416e-5271-484c-ab3b-6bed6b4aae12,2009-01-01,2009.0,,,,United States
bf1254a2-4f29-4f44-90e7-291f96edc332,1948-01-01,1948.0,,,,United States
530846f0-4098-4d33-bd8a-8611f823bf51,1956-01-01,1956.0,,,,United States
160629ab-ec18-4931-8c95-02cb92d06186,1976-01-01,1976.0,,,New York,United States
7058f617-a167-4e34-bbaf-7f08f32d4a5a,1947-09-08,1947.0,,,,
622c14c7-6f49-4bde-b29b-8ec4eb0d1177,2003-01-01,2003.0,,,,United States
9803d880-d9a6-4695-b967-b1d273847c39,1965-01-01,1965.0,,,,
b4d21cb6-68d6-4f38-9911-9356927f6b85,2010-01-01,2010.0,,,,United States
fdfb6b9c-575d-4abb-9a15-4fbceec0dfa3,1996-05-27,1996.0,,,,
7767365b-ab8a-4173-9410-33705722b118,1926-01-01,1926.0,,,,United States
034aa55b-4571-4d82-bf9b-3edb38c81940,,,,,,United States
e72ef80e-5893-4990-8319-29d06a5f5847,1982-01-01,1982.0,,,,United States
5eba17b9-f67a-48e0-abc3-b9b0e98588b5,1995-01-01,1995.0,,,,
28955336-2348-488a-9381-e3a7b0107343,2009-01-01,2009.0,,,,United States
f5db378d-81c8-4f8c-a7bb-b554877732a9,1997-01-01,1997.0,,,,
7a502bfc-4cab-4dc8-a618-b12aca7258e7,2013-01-01,2013.0,,Anne Arundel County,Maryland,United States
214624b6-2a9b-4c97-ac63-bce8bee537ec,1990-01-29,1990.0,,,,
9b97150f-f131-4339-921e-8e5d8425f737,1916-12-11,1916.0,,,,
53f402db-7d17-4927-ba1c-35e75f76c24e,2004-01-01,2004.0,,,,United States
ddf152b8-584e-47a5-a7f4-280a21b0b8ca,2002-01-01,2002.0,,,,United States
cff63c14-b081-4686-9357-eea84d5348fc,1945-06-20,1945.0,,,,
008b3e9a-ffd5-49d9-b3fc-95efa2826e3a,1955-01-01,1955.0,,,,United States
166c939c-a97e-44b9-b405-23d49a72df4e,1999-01-01,1999.0,,,,United States
c5f0a579-99f3-446b-bc31-d658a23247fd,1954-01-01,1954.0,,,,United States
ba550d0e-adac-4864-b88b-407cab5e76af,1942-06-18,1942.0,,,,
1f988d75-7f1c-4a74-b810-b6435a7f4fb4,2016-01-01,2016.0,,,,
cb13adb3-d73c-4015-a1cd-6d58254710a8,1979-01-22,1979.0,,,Texas,United States
9c76170f-0d77-4aa3-b3c9-52f1ce07b9ec,1998-01-01,1998.0,,,,United States
f4c639bd-5f03-45ac-9d32-4937a4384723,1984-01-01,1984.0,,,,United States
fe0b4f36-8abc-4150-ae36-9d38a32788b9,1998-01-01,1998.0,,,,United States
9d97b077-b28d-4ba8-a3d9-c71926e3b2b6,1938-11-17,1938.0,,,,
6edbfdce-57ec-4181-bdbd-ace81b52b694,2015-01-01,2015.0,,,,United States
18423cab-858d-4e82-be72-83f580303b5e,,,,,,United States
4ca0f538-15dd-487b-ac93-e26cc9a41200,,,,,,United States
9ee3fc49-a54c-48cd-96d5-d678f5d409db,1971-04-30,1971.0,,,,
0472280c-aba9-4ccb-b1d0-85f424f2a63e,1975-08-11,1975.0,,,,
d12f98c6-2ca1-4856-8ecb-e0387c348dcc,1983-07-26,1983.0,,,,
cd15da80-a590-41cc-87b2-9d258430a469,1940-06-23,1940.0,,,,
d2a498f2-f813-4b03-b3f9-22bac5bd5419,2010-04-01,2010.0,,,,United States
80737f69-60c5-4c0d-9562-88faf8d8f2f4,2000-01-01,2000.0,,,,United States
667977d7-5901-4c5b-bf5f-61e92b6689c2,1986-01-01,1986.0,,,,United States
f5a6bb71-f49d-4115-b285-fda004821497,1936-01-01,1936.0,,,,United States
a5bd8238-faff-446b-b512-4620cf25e8a0,1938-01-01,1938.0,,,,United States
1bcae6c8-8eff-401a-a184-97d95216f6fc,1929-04-26,1929.0,,,,United States
17e5c3f1-8de7-42ad-b3b7-440f8eaa81d0,1984-01-01,1984.0,,,,United States
735f2b10-a267-4cd2-990f-f91702be9130,1989-03-20,1989.0,,,,
127c9dae-1aeb-43bc-a930-ecff36b01bc8,1973-06-06,1973.0,,,,
dbe56668-02e3-42ff-9943-a7fa9711696b,2011-01-01,2011.0,,,,United States
693948d2-3751-4378-8161-1c0f1eb9057b,1989-01-01,1989.0,,,,United States
dc0b6722-5601-418d-bb64-2499e1d2440b,1961-07-01,1961.0,,,,
091ec508-877f-4e3c-92a3-10903bbbc7ad,1957-01-01,1957.0,,,,United States
1b69a7bc-7563-4aaf-a859-8b6050a7a0f2,1981-01-01,1981.0,,,,United States
175ba729-9516-4fef-ab31-487f271909c6,1994-01-20,1994.0,,,,
939a2174-6cb9-476f-802a-2ed584675e56,1945-01-01,1945.0,,,,United States
b2c84b21-c77d-4e63-ac00-98fa3ca20eeb,1957-01-01,1957.0,,,,United States
1821c7d6-5c94-4117-817f-3b36b2469f07,2008-01-01,2008.0,,,Illinois,United States
3718efd7-012d-4811-873a-dda4a3640ee8,2004-01-01,2004.0,,,,United States
5228671e-6fbe-4a23-850c-9a955254974c,,,,,,United States
ea772689-0d46-4aa1-bf22-a5fa482a5174,2000-01-01,2000.0,,,,United States
c59d4416-df60-4063-bec3-70da0abdbe67,1988-01-01,1988.0,,,,United States
f26a0e1e-13c8-4f35-9a86-11a570b405fc,1997-01-01,1997.0,,,,
5fdf95e6-f0ea-4056-8898-8f895de28fb2,,,,,Oklahoma,United States
2415e269-6c50-437a-a7b5-fcc7c6109974,1994-04-19,1994.0,,,,
091ef352-590c-41e6-827e-d3e925b2ffa5,1992-01-01,1992.0,,,,United States
7cfd605f-7ecb-411f-b50b-e327865375fc,,,,,,
56e471e9-e6ca-497a-9d5c-a1de9aef617e,,,,,,
43c27282-6459-43e2-94a9-7eabaee6bf0e,,,,,,
60c143b1-f1c1-404b-a674-ce51a05f022c,,,,,,
b3f194b6-e2da-4662-abb3-561b255db4b4,,,,,,
e0870836-d112-4851-92bd-570f2e1e62cb,,,,,,
d67195a7-830f-4d57-9e8c-a8f95526b19c,,,,,,
d7222f53-dae2-45d9-97d5-0d44ab3faa17,,,,,,
3fdb5ffd-4bd5-45b4-9380-1d220ae7555b,,,,,,
f7b1e334-2aaa-4ef2-85f9-5c2c8cdb90dc,,,,,,
16366121-fe3f-462b-8434-49d5c92c7812,,,,,,
c3245da4-960b-4f2c-9e64-e4528f234d56,,,,,,
d1a11fd9-0ac6-4a18-8c75-0af383f86846,,,,,,
c77e4207-71e0-47ec-9ab1-285609947ec1,,,,,,
0fe63074-0b7e-486b-96f2-8a97de0856d0,,,,,,
4772ef3d-b273-4a6f-ba53-d8e21cea9e78,,,,,,
ae2a2620-fac8-456b-b9ea-14b609879dca,,,,,,
c2dc12fe-1ea4-49f9-8f84-e72d17aea6f7,,,,,,
9dd9a2fb-891e-44d8-97ef-ca1d69aa2d7a,,,,,,
84dbda9a-fbd3-40ca-9b17-fa85a0430fdd,,,,,,
cb13aa9d-949c-4b54-b1f8-31571d8b745c,,,,,,
a3911c6f-3109-4c1c-960a-dce57b24defc,,,,,,
7a560fc7-82ab-45f9-aaa8-cc9a11860b19,,,,,,
89c83caa-7f08-4e0d-bee9-db0139044e38,,,,,,
7e147804-3153-486a-8b40-7cfa7cd84b38,,,,,,
39540957-25e5-42b7-b183-48c1a269908f,,,,,,
20e85c43-1af6-432a-add7-ce831a29d850,,,,,,
18be96b9-5873-4eff-8036-514d1fc43cc7,,,,,,
eab7d0b3-b84a-47a9-99c5-72474b79c4e8,,,,,,
8cb88c03-37fb-451e-96ff-7709a3a1f87b,,,,,,
fff0b61a-7e14-4803-a281-037faf148e82,,,,,,
ae1e64a3-2032-4271-a283-a022b4f94467,,,,,,
508a278f-8659-415b-a675-c5075244c830,,,,,,
a93c9a9c-ebf8-484d-aa21-033f035f9166,,,,,,
47b44a5b-237a-42e0-aaf6-c1f9116716ba,,,,,,
5c947c2e-6cec-4a38-942d-1d7b9eba9377,,,,,,
8e7a70e1-ce5c-4e20-9fd7-79e5851f9306,,,,,,
47aece05-0994-4392-9603-f79430a9c1c9,,,,,,
96cd85df-8cf6-45d4-bf33-bd706c7ad0c8,,,,,,
f959d6b8-d8b4-4282-9bd8-7f582b113722,,,,,,
13953e5b-457a-4d88-bcbf-e59cc03720e5,,,,,,
5eebeb66-0871-42fc-a673-b1a4f1b99e41,,,,,,
aed3a103-2148-4d5a-ba95-c8a3dbeff605,,,,,,
1751e374-d893-47b5-8f36-793e07d019c3,,,,,,
adb88c8d-7f5c-4776-92b9-fc42e08e2949,,,,,,
903d05b3-f4df-42f2-8305-550e64b09eb5,,,,,,
5845d48d-cb79-4835-80e7-a8d412311ac8,,,,,,
18515d94-ffaa-47ba-9384-015bb4c89204,,,,,,
6728787e-8534-48f2-a8d1-70c59e8818da,,,,,,
9404ece7-6f9a-480d-8ce8-30f58dcf5fe8,,,,,,
a0c94d6d-fa78-4038-9f18-4a8e2a40bd15,,,,,,
9e97d241-48ef-47bd-88cc-9dbd4a33f0cd,,,,,,
ff8a20ea-06fe-43db-ac82-14e3577ab04d,,,,,,
76a9fb32-e4bd-462f-926b-8b0b130ca2e5,,,,,,
8782c440-3d66-4a95-a92b-9fbe2a44c360,,,,,,
8735f911-c86d-463f-9912-b0c5ecca0322,,,,,,
edfc8e52-32ba-4186-b198-cea511e5b48f,,,,,,
471182ed-26ce-44b9-9013-b5f2ce3eadf6,,,,,,
2a0b5b60-130a-4d0e-a95a-3c3ad585fcd7,,,,,,
b9a9addd-75b3-4d83-aad0-2af7fef8c8aa,,,,,,
939fab52-82b4-4755-bbe2-193c93901ec6,,,,,,
7c3f7a7f-d5a8-4f7a-90e4-bf9f79cd5cfb,,,,,,
611a3e51-804e-4798-8971-6f45541c9d03,,,,,,
870ce4ac-b414-4353-b9a1-ec42de2bedc4,,,,,,
03eacebb-a3ab-4a45-bf64-abc63960346e,,,,,,
4b362384-e05e-47fc-9f5c-e991d7c9705a,,,,,,
78c22039-b173-48ce-a163-470b467c5423,,,,,,
e6569f79-d7af-4891-9d1a-b221d2a677cb,,,,,,
4983027f-3861-453e-90ac-0220ae1132b6,,,,,,
98d0abbe-4d47-4d72-9eae-03213addba67,,,,,,
322b3c35-8402-42a2-ac21-39bc8dc9d1de,,,,,,
04642dc3-8f30-4942-a954-db8a9068092f,,,,,,
6f3a8f32-16d6-44f0-bd26-5f8d8c66bda3,,,,,,
3f017f23-1577-481a-99d1-47f9162806f1,,,,,,
15a524dd-9032-41b3-ac68-ffe369605b24,,,,,,
73961346-cff5-4366-9db2-b8b91c440cd2,,,,,,
c348011d-7f67-4b18-a23c-b4ed2e92fb80,,,,,,
329a24c4-7e4f-436b-bd6a-3829985e89b0,,,,,,
43459183-5498-4dfe-9e04-133df5ba8bb8,,,,,,
cdb132b7-7bb1-4790-bcc4-952bc2207b35,,,,,,
cd81d176-3edc-4848-bf30-f403d2a248f2,,,,,,
c6a232f8-2972-4554-95e3-05978a0f32b0,,,,,,
ae3952cd-96b1-40c1-9c7a-5f39a2d4fa14,,,,,,
06340810-0393-452a-b233-844ff54593cb,,,,,,
1bbaf392-c142-4a50-8bb1-68fe105ad708,,,,,,
61fe9d90-6fa7-45e4-a042-2157a80144ec,,,,,,
4a43b191-7fca-421f-8637-46d729928137,,,,,,
11c9cf9f-2575-42ef-8913-d12192121ab9,,,,,,
7af54721-3563-4a86-b9d8-ffc1e2a49f8f,,,,,,
14dc5e33-d1d3-44f0-b2fa-163a42a0acdd,,,,,,
91126139-2401-4144-a88a-7009ec7046e8,,,,,,
3b66f5f4-c8ba-4a0b-a5a3-bc8fe2b95140,,,,,,
ebffff02-f70e-4d2a-9bb2-5b8179774f3f,,,,,,
2a2670f9-ffee-484a-957d-d5ece31da80c,,,,,,
0edee813-690c-4eb8-9f27-9a707300c590,,,,,,
3b583042-00f3-4cfe-b3e0-3faa14c25e12,,,,,,
26b182b3-be15-4276-bdb4-eddfb271ade2,,,,,,
dcd9a5a8-8868-49ce-9083-ae10427cfab5,,,,,,
fb5efe24-591d-40a7-9587-36f44b21c2bd,,,,,,
ab202000-ab93-421c-af34-7958f9a70027,,,,,,
039b582a-354f-4537-af78-f9edf4c3aee5,,,,,,
95a729fd-b430-4d3a-880b-4699f2b8bfde,,,,,,
407c8396-6120-4835-bef9-0073f933c66a,,,,,,
f35a4e1b-c76c-4452-a607-db60f33b67f0,,,,,,
e5492fb7-eb4a-49a8-a6d2-746544a21870,,,,,,
f4b11563-4266-4c18-a2eb-5a1d01ecf2b3,,,,,,
a9765ae5-c7ea-451e-94b2-9ae27e2d947b,,,,,,
dc46078b-0175-4ae7-abe4-99e90f5efe2b,,,,,,
0d63b5b1-adf3-44fd-b35b-b2ae82173011,,,,,,
0eb03552-e8aa-4004-8fde-f1463f3edc2b,,,,,,
88ab2e3b-5ca8-4fe0-ae60-6f8569fe2386,,,,,,
8734f8af-ff46-437b-a291-46a418aff978,,,,,,
f976d1a4-586a-4ec6-b0ac-c85827b0f201,,,,,,
ed29f6fa-ca96-47f7-9c7e-b9f2f11f30e4,,,,,,
0ab57061-500c-4463-ac5c-184f6c3ad6d5,,,,,,
9f41d3cd-5fe4-4144-b658-b00c557f0441,,,,,,
ff94ed48-26c7-4aef-83ab-7321d486ca42,,,,,,
3c8ad025-43f8-4d03-8739-2890cc849219,,,,,,
8ed2f45e-5628-415a-8338-bd997337d9d2,,,,,,
96e3bc72-89bc-4f2d-a44f-7e8fc58a5f92,,,,,,
20227147-c3aa-44e5-aaf4-4bc5baa1ffaf,,,,,,
4152a702-c293-42e9-863a-08e53a5e080f,,,,,,
96a1182f-e8e6-4df6-a811-82cb67d4565c,,,,,,
